-- stracker testdata: MX-5 Cup (Laguna Seca)
-- Generert 2026-03-11
BEGIN TRANSACTION;

INSERT INTO Players (PlayerId, SteamGuid, Name, ArtInt) VALUES
(1, '76561100000000001', 'Ansen', 0),
(2, '76561100000000002', 'Bjørnar', 0),
(3, '76561100000000003', 'Christoffer', 0),
(4, '76561100000000004', 'Dagfinn', 0),
(5, '76561100000000005', 'Erik', 0),
(6, '76561100000000006', 'Frida', 0),
(7, '76561100000000007', 'Gunhild', 0),
(8, '76561100000000008', 'Henrik', 0);

INSERT INTO Tracks (TrackId, Track, UiTrackName, Length) VALUES
(1, 'ks_laguna_seca', 'Laguna Seca', 3602.0);

INSERT INTO Cars (CarId, Car, UiCarName, Brand) VALUES
(1, 'ks_mazda_mx5_cup', 'Mazda MX-5 Cup', 'Mazda');

INSERT INTO TyreCompounds (TyreCompoundId, TyreCompound) VALUES
(1, 'SM');

INSERT INTO Session (SessionId, TrackId, SessionType, Multiplayer, NumberOfLaps, Duration, ServerIpPort, StartTimeDate, EndTimeDate, PenaltiesEnabled, AllowedTyresOut, TyreWearFactor, FuelRate, Damage) VALUES
(1, 1, 'Qualify', 1, 0, 10, '46.225.176.106:9610', 1772823600, 1772824200, 1, 2, 1.0, 1.0, 1.0),
(2, 1, 'Race', 1, 5, 0, '46.225.176.106:9610', 1772824320, 1772825100, 1, 2, 1.0, 1.0, 1.0),
(3, 1, 'Qualify', 1, 0, 10, '46.225.176.106:9610', 1772996400, 1772997000, 1, 2, 1.0, 1.0, 1.0),
(4, 1, 'Race', 1, 5, 0, '46.225.176.106:9610', 1772997120, 1772997900, 1, 2, 1.0, 1.0, 1.0);

INSERT INTO PlayerInSession (PlayerInSessionId, SessionId, PlayerId, ACVersion, PTVersion, TrackChecksum, CarChecksum, CarId, FinishPosition, RaceFinished) VALUES
(1, 1, 1, '1.16.4', '0.0.54', NULL, NULL, 1, 1000, 0),
(2, 1, 2, '1.16.4', '0.0.54', NULL, NULL, 1, 1000, 0),
(3, 1, 3, '1.16.4', '0.0.54', NULL, NULL, 1, 1000, 0),
(4, 1, 4, '1.16.4', '0.0.54', NULL, NULL, 1, 1000, 0),
(5, 1, 5, '1.16.4', '0.0.54', NULL, NULL, 1, 1000, 0),
(6, 1, 6, '1.16.4', '0.0.54', NULL, NULL, 1, 1000, 0),
(7, 1, 7, '1.16.4', '0.0.54', NULL, NULL, 1, 1000, 0),
(8, 1, 8, '1.16.4', '0.0.54', NULL, NULL, 1, 1000, 0),
(9, 2, 1, '1.16.4', '0.0.54', NULL, NULL, 1, 3, 1),
(10, 2, 2, '1.16.4', '0.0.54', NULL, NULL, 1, 4, 1),
(11, 2, 3, '1.16.4', '0.0.54', NULL, NULL, 1, 6, 1),
(12, 2, 4, '1.16.4', '0.0.54', NULL, NULL, 1, 2, 1),
(13, 2, 5, '1.16.4', '0.0.54', NULL, NULL, 1, 7, 1),
(14, 2, 6, '1.16.4', '0.0.54', NULL, NULL, 1, 5, 1),
(15, 2, 7, '1.16.4', '0.0.54', NULL, NULL, 1, 8, 1),
(16, 2, 8, '1.16.4', '0.0.54', NULL, NULL, 1, 1, 1),
(17, 3, 1, '1.16.4', '0.0.54', NULL, NULL, 1, 1000, 0),
(18, 3, 2, '1.16.4', '0.0.54', NULL, NULL, 1, 1000, 0),
(19, 3, 3, '1.16.4', '0.0.54', NULL, NULL, 1, 1000, 0),
(20, 3, 4, '1.16.4', '0.0.54', NULL, NULL, 1, 1000, 0),
(21, 3, 5, '1.16.4', '0.0.54', NULL, NULL, 1, 1000, 0),
(22, 3, 6, '1.16.4', '0.0.54', NULL, NULL, 1, 1000, 0),
(23, 3, 7, '1.16.4', '0.0.54', NULL, NULL, 1, 1000, 0),
(24, 3, 8, '1.16.4', '0.0.54', NULL, NULL, 1, 1000, 0),
(25, 4, 1, '1.16.4', '0.0.54', NULL, NULL, 1, 3, 1),
(26, 4, 2, '1.16.4', '0.0.54', NULL, NULL, 1, 4, 1),
(27, 4, 3, '1.16.4', '0.0.54', NULL, NULL, 1, 6, 1),
(28, 4, 4, '1.16.4', '0.0.54', NULL, NULL, 1, 2, 1),
(29, 4, 5, '1.16.4', '0.0.54', NULL, NULL, 1, 6, 1),
(30, 4, 6, '1.16.4', '0.0.54', NULL, NULL, 1, 5, 1),
(31, 4, 7, '1.16.4', '0.0.54', NULL, NULL, 1, 8, 1),
(32, 4, 8, '1.16.4', '0.0.54', NULL, NULL, 1, 1, 1);

INSERT INTO Lap (LapId, PlayerInSessionId, TyreCompoundId, LapCount, SessionTime, LapTime, SectorTime0, SectorTime1, SectorTime2, SectorTime3, SectorTime4, SectorTime5, SectorTime6, SectorTime7, SectorTime8, SectorTime9, HistoryInfo, FuelRatio, Valid, SectorsAreSoftSplits, MaxABS, MaxTC, TemperatureAmbient, TemperatureTrack, Timestamp, AidABS, AidTC, AidAutoBlib, AidAutoBrake, AidAutoClutch, AidAutoShift, AidIdealLine, AidStabilityControl, AidSlipStream, AidTyreBlankets, MaxSpeed_KMH, TimeInPitLane, TimeInPit, ESCPressed, Cuts, CollisionsCar, CollisionsEnv, GripLevel, Ballast) VALUES
(1, 1, 1, 1, 118308, 99737, 17813, 15185, 16732, 15991, 17056, 16960, NULL, NULL, NULL, NULL, NULL, 0.5, 1, 0, NULL, NULL, 293, 306, 1772823718, NULL, NULL, NULL, NULL, NULL, NULL, NULL, NULL, NULL, NULL, 204.0, 0, 0, 0, 0, 0, 0, 0.984, 0.0),
(2, 1, 1, 2, 218277, 99969, 17851, 14836, 16916, 15972, 16990, 17404, NULL, NULL, NULL, NULL, NULL, 0.92, 1, 0, NULL, NULL, 296, 311, 1772823818, NULL, NULL, NULL, NULL, NULL, NULL, NULL, NULL, NULL, NULL, 207.0, 0, 0, 0, 0, 0, 0, 0.98, 0.0),
(3, 1, 1, 3, 318678, 100401, 17784, 15165, 16770, 16189, 16746, 17747, NULL, NULL, NULL, NULL, NULL, 0.51, 1, 0, NULL, NULL, 298, 313, 1772823918, NULL, NULL, NULL, NULL, NULL, NULL, NULL, NULL, NULL, NULL, 204.2, 0, 0, 0, 0, 2, 0, 0.965, 0.0),
(4, 1, 1, 4, 418838, 100160, 17843, 15195, 17057, 15795, 17134, 17136, NULL, NULL, NULL, NULL, NULL, 0.89, 1, 0, NULL, NULL, 296, 307, 1772824018, NULL, NULL, NULL, NULL, NULL, NULL, NULL, NULL, NULL, NULL, 207.5, 0, 0, 0, 0, 0, 0, 0.969, 0.0),
(5, 2, 1, 1, 125914, 104187, 18494, 15859, 17879, 16534, 17714, 17707, NULL, NULL, NULL, NULL, NULL, 0.8, 1, 0, NULL, NULL, 294, 304, 1772823725, NULL, NULL, NULL, NULL, NULL, NULL, NULL, NULL, NULL, NULL, 201.5, 0, 0, 0, 0, 0, 0, 0.968, 0.0),
(6, 2, 1, 2, 230283, 104369, 18488, 15523, 18031, 16871, 17863, 17593, NULL, NULL, NULL, NULL, NULL, 0.72, 1, 0, NULL, NULL, 298, 308, 1772823830, NULL, NULL, NULL, NULL, NULL, NULL, NULL, NULL, NULL, NULL, 201.5, 0, 0, 0, 0, 0, 0, 0.963, 0.0),
(7, 2, 1, 3, 331763, 101480, 18182, 15523, 16963, 16272, 17425, 17115, NULL, NULL, NULL, NULL, NULL, 0.55, 1, 0, NULL, NULL, 295, 304, 1772823931, NULL, NULL, NULL, NULL, NULL, NULL, NULL, NULL, NULL, NULL, 206.4, 0, 0, 0, 0, 0, 1, 0.999, 0.0),
(8, 3, 1, 1, 125264, 103649, 18756, 15831, 17835, 16294, 17728, 17205, NULL, NULL, NULL, NULL, NULL, 0.91, 0, 0, NULL, NULL, 297, 305, 1772823725, NULL, NULL, NULL, NULL, NULL, NULL, NULL, NULL, NULL, NULL, 209.6, 0, 0, 0, 3, 0, 0, 0.978, 0.0),
(9, 3, 1, 2, 228577, 103313, 18956, 15273, 17728, 16376, 17252, 17728, NULL, NULL, NULL, NULL, NULL, 0.89, 1, 0, NULL, NULL, 295, 308, 1772823828, NULL, NULL, NULL, NULL, NULL, NULL, NULL, NULL, NULL, NULL, 209.2, 0, 0, 0, 0, 0, 0, 0.975, 0.0),
(10, 3, 1, 3, 334638, 106061, 19321, 15644, 18316, 17292, 18012, 17476, NULL, NULL, NULL, NULL, NULL, 0.58, 1, 0, NULL, NULL, 295, 313, 1772823934, NULL, NULL, NULL, NULL, NULL, NULL, NULL, NULL, NULL, NULL, 209.6, 0, 0, 0, 0, 0, 0, 0.984, 0.0),
(11, 3, 1, 4, 435805, 101167, 18442, 15016, 17213, 16180, 17526, 16790, NULL, NULL, NULL, NULL, NULL, 0.91, 1, 0, NULL, NULL, 295, 311, 1772824035, NULL, NULL, NULL, NULL, NULL, NULL, NULL, NULL, NULL, NULL, 203.8, 0, 0, 0, 0, 0, 0, 0.992, 0.0),
(12, 3, 1, 5, 541794, 105989, 19416, 16120, 17753, 17280, 18344, 17076, NULL, NULL, NULL, NULL, NULL, 0.61, 1, 0, NULL, NULL, 294, 308, 1772824141, NULL, NULL, NULL, NULL, NULL, NULL, NULL, NULL, NULL, NULL, 209.5, 0, 0, 0, 0, 0, 0, 0.979, 0.0),
(13, 4, 1, 1, 107709, 97632, 17524, 14455, 16785, 15861, 16805, 16202, NULL, NULL, NULL, NULL, NULL, 0.85, 1, 0, NULL, NULL, 297, 309, 1772823707, NULL, NULL, NULL, NULL, NULL, NULL, NULL, NULL, NULL, NULL, 201.5, 0, 0, 0, 0, 0, 0, 0.967, 0.0),
(14, 4, 1, 2, 209826, 102117, 18183, 15459, 17056, 16432, 17385, 17602, NULL, NULL, NULL, NULL, NULL, 0.98, 1, 0, NULL, NULL, 298, 310, 1772823809, NULL, NULL, NULL, NULL, NULL, NULL, NULL, NULL, NULL, NULL, 202.3, 0, 0, 0, 0, 0, 0, 0.97, 0.0),
(15, 4, 1, 3, 310668, 100842, 17986, 15200, 17385, 16263, 17273, 16735, NULL, NULL, NULL, NULL, NULL, 0.63, 1, 0, NULL, NULL, 294, 306, 1772823910, NULL, NULL, NULL, NULL, NULL, NULL, NULL, NULL, NULL, NULL, 208.0, 0, 0, 0, 0, 0, 0, 0.966, 0.0),
(16, 5, 1, 1, 125287, 104540, 19008, 15473, 17944, 16519, 17707, 17889, NULL, NULL, NULL, NULL, NULL, 0.73, 1, 0, NULL, NULL, 296, 304, 1772823725, NULL, NULL, NULL, NULL, NULL, NULL, NULL, NULL, NULL, NULL, 209.5, 0, 0, 0, 0, 0, 0, 0.969, 0.0),
(17, 5, 1, 2, 229650, 104363, 18437, 15765, 17441, 16770, 17901, 18049, NULL, NULL, NULL, NULL, NULL, 0.82, 1, 0, NULL, NULL, 293, 308, 1772823829, NULL, NULL, NULL, NULL, NULL, NULL, NULL, NULL, NULL, NULL, 209.3, 0, 0, 0, 0, 0, 0, 0.994, 0.0),
(18, 5, 1, 3, 332346, 102696, 18256, 15135, 17402, 16586, 17251, 18066, NULL, NULL, NULL, NULL, NULL, 0.97, 1, 0, NULL, NULL, 293, 307, 1772823932, NULL, NULL, NULL, NULL, NULL, NULL, NULL, NULL, NULL, NULL, 202.2, 0, 0, 0, 0, 0, 0, 0.966, 0.0),
(19, 5, 1, 4, 438833, 106487, 19324, 16087, 17853, 16992, 17983, 18248, NULL, NULL, NULL, NULL, NULL, 0.77, 1, 0, NULL, NULL, 293, 304, 1772824038, NULL, NULL, NULL, NULL, NULL, NULL, NULL, NULL, NULL, NULL, 208.4, 0, 0, 0, 0, 2, 0, 0.98, 0.0),
(20, 5, 1, 5, 545509, 106676, 19344, 16269, 18019, 16874, 18070, 18100, NULL, NULL, NULL, NULL, NULL, 0.68, 1, 0, NULL, NULL, 294, 313, 1772824145, NULL, NULL, NULL, NULL, NULL, NULL, NULL, NULL, NULL, NULL, 206.7, 0, 0, 0, 0, 0, 0, 0.981, 0.0),
(21, 6, 1, 1, 126484, 103656, 18804, 15805, 17289, 16652, 17750, 17356, NULL, NULL, NULL, NULL, NULL, 0.81, 1, 0, NULL, NULL, 295, 304, 1772823726, NULL, NULL, NULL, NULL, NULL, NULL, NULL, NULL, NULL, NULL, 203.4, 0, 0, 0, 0, 0, 0, 0.989, 0.0),
(22, 6, 1, 2, 230750, 104266, 18732, 15463, 17416, 16709, 17930, 18016, NULL, NULL, NULL, NULL, NULL, 0.53, 1, 0, NULL, NULL, 298, 310, 1772823830, NULL, NULL, NULL, NULL, NULL, NULL, NULL, NULL, NULL, NULL, 206.3, 0, 0, 0, 0, 0, 0, 0.992, 0.0),
(23, 6, 1, 3, 333999, 103249, 18250, 15478, 17407, 16233, 17405, 18476, NULL, NULL, NULL, NULL, NULL, 0.68, 0, 0, NULL, NULL, 295, 303, 1772823933, NULL, NULL, NULL, NULL, NULL, NULL, NULL, NULL, NULL, NULL, 207.5, 0, 0, 0, 2, 0, 0, 0.968, 0.0),
(24, 6, 1, 4, 433890, 99891, 18292, 15023, 16921, 15790, 17018, 16847, NULL, NULL, NULL, NULL, NULL, 0.96, 1, 0, NULL, NULL, 295, 305, 1772824033, NULL, NULL, NULL, NULL, NULL, NULL, NULL, NULL, NULL, NULL, 205.0, 0, 0, 0, 0, 0, 0, 0.98, 0.0),
(25, 6, 1, 5, 537643, 103753, 18575, 15335, 17720, 16348, 17726, 18049, NULL, NULL, NULL, NULL, NULL, 0.72, 1, 0, NULL, NULL, 293, 304, 1772824137, NULL, NULL, NULL, NULL, NULL, NULL, NULL, NULL, NULL, NULL, 203.3, 0, 0, 0, 0, 0, 0, 0.972, 0.0),
(26, 7, 1, 1, 123327, 104365, 19116, 15795, 17747, 16822, 17431, 17454, NULL, NULL, NULL, NULL, NULL, 0.54, 1, 0, NULL, NULL, 295, 313, 1772823723, NULL, NULL, NULL, NULL, NULL, NULL, NULL, NULL, NULL, NULL, 209.8, 0, 0, 0, 0, 0, 0, 0.998, 0.0),
(27, 7, 1, 2, 231549, 108222, 19505, 16281, 18555, 17132, 18061, 18688, NULL, NULL, NULL, NULL, NULL, 0.68, 1, 0, NULL, NULL, 294, 304, 1772823831, NULL, NULL, NULL, NULL, NULL, NULL, NULL, NULL, NULL, NULL, 202.4, 0, 0, 0, 0, 0, 0, 0.986, 0.0),
(28, 7, 1, 3, 339195, 107646, 19022, 16443, 18091, 17339, 18313, 18438, NULL, NULL, NULL, NULL, NULL, 0.56, 1, 0, NULL, NULL, 296, 308, 1772823939, NULL, NULL, NULL, NULL, NULL, NULL, NULL, NULL, NULL, NULL, 206.5, 0, 0, 0, 0, 0, 0, 0.97, 0.0),
(29, 7, 1, 4, 443719, 104524, 18949, 15895, 17810, 16964, 17534, 17372, NULL, NULL, NULL, NULL, NULL, 0.54, 1, 0, NULL, NULL, 298, 310, 1772824043, NULL, NULL, NULL, NULL, NULL, NULL, NULL, NULL, NULL, NULL, 202.0, 0, 0, 0, 0, 0, 0, 0.965, 0.0),
(30, 7, 1, 5, 548133, 104414, 19149, 15804, 17484, 16699, 18078, 17200, NULL, NULL, NULL, NULL, NULL, 0.61, 1, 0, NULL, NULL, 298, 313, 1772824148, NULL, NULL, NULL, NULL, NULL, NULL, NULL, NULL, NULL, NULL, 201.7, 0, 0, 0, 0, 2, 0, 0.974, 0.0),
(31, 8, 1, 1, 107489, 97939, 17782, 14423, 16686, 15924, 16903, 16221, NULL, NULL, NULL, NULL, NULL, 0.74, 1, 0, NULL, NULL, 293, 307, 1772823707, NULL, NULL, NULL, NULL, NULL, NULL, NULL, NULL, NULL, NULL, 204.0, 0, 0, 0, 0, 0, 0, 0.989, 0.0),
(32, 8, 1, 2, 206854, 99365, 17947, 15194, 16630, 15709, 16879, 17006, NULL, NULL, NULL, NULL, NULL, 0.98, 1, 0, NULL, NULL, 294, 311, 1772823806, NULL, NULL, NULL, NULL, NULL, NULL, NULL, NULL, NULL, NULL, 206.4, 0, 0, 0, 0, 0, 0, 0.967, 0.0),
(33, 8, 1, 3, 306398, 99544, 18073, 14689, 16711, 16139, 16740, 17192, NULL, NULL, NULL, NULL, NULL, 0.63, 1, 0, NULL, NULL, 295, 311, 1772823906, NULL, NULL, NULL, NULL, NULL, NULL, NULL, NULL, NULL, NULL, 208.9, 0, 0, 0, 0, 0, 0, 0.994, 0.0),
(34, 9, 1, 1, 127821, 102012, 18276, 15123, 17636, 16305, 17625, 17047, NULL, NULL, NULL, NULL, NULL, 0.67, 1, 0, NULL, NULL, 294, 313, 1772824447, NULL, NULL, NULL, NULL, NULL, NULL, NULL, NULL, NULL, NULL, 206.2, 0, 0, 0, 0, 0, 0, 0.996, 0.0),
(35, 9, 1, 2, 229938, 102117, 18056, 15040, 17095, 16058, 17668, 18200, NULL, NULL, NULL, NULL, NULL, 0.77, 1, 0, NULL, NULL, 297, 313, 1772824549, NULL, NULL, NULL, NULL, NULL, NULL, NULL, NULL, NULL, NULL, 200.3, 0, 0, 0, 0, 0, 0, 0.996, 0.0),
(36, 9, 1, 3, 332696, 102758, 18436, 15599, 17369, 16528, 17423, 17403, NULL, NULL, NULL, NULL, NULL, 0.66, 1, 0, NULL, NULL, 296, 310, 1772824652, NULL, NULL, NULL, NULL, NULL, NULL, NULL, NULL, NULL, NULL, 202.0, 0, 0, 0, 0, 0, 0, 0.984, 0.0),
(37, 9, 1, 4, 432811, 100115, 18013, 15125, 16812, 16077, 17206, 16882, NULL, NULL, NULL, NULL, NULL, 0.97, 1, 0, NULL, NULL, 296, 306, 1772824752, NULL, NULL, NULL, NULL, NULL, NULL, NULL, NULL, NULL, NULL, 201.4, 0, 0, 0, 0, 0, 0, 0.962, 0.0),
(38, 9, 1, 5, 535352, 102541, 18516, 15328, 17246, 16413, 17674, 17364, NULL, NULL, NULL, NULL, NULL, 0.7, 1, 0, NULL, NULL, 296, 307, 1772824855, NULL, NULL, NULL, NULL, NULL, NULL, NULL, NULL, NULL, NULL, 205.0, 0, 0, 0, 0, 0, 0, 0.964, 0.0),
(39, 10, 1, 1, 120954, 100972, 18031, 15440, 17183, 15881, 16873, 17564, NULL, NULL, NULL, NULL, NULL, 0.57, 1, 0, NULL, NULL, 295, 311, 1772824440, NULL, NULL, NULL, NULL, NULL, NULL, NULL, NULL, NULL, NULL, 200.1, 0, 0, 0, 0, 0, 0, 0.964, 0.0),
(40, 10, 1, 2, 222120, 101166, 18219, 15283, 17229, 15909, 17265, 17261, NULL, NULL, NULL, NULL, NULL, 0.64, 1, 0, NULL, NULL, 293, 309, 1772824542, NULL, NULL, NULL, NULL, NULL, NULL, NULL, NULL, NULL, NULL, 205.0, 0, 0, 0, 0, 0, 0, 0.991, 0.0),
(41, 10, 1, 3, 326225, 104105, 19060, 15424, 17475, 16422, 17747, 17977, NULL, NULL, NULL, NULL, NULL, 0.52, 1, 0, NULL, NULL, 294, 306, 1772824646, NULL, NULL, NULL, NULL, NULL, NULL, NULL, NULL, NULL, NULL, 206.0, 0, 0, 0, 0, 0, 0, 0.976, 0.0),
(42, 10, 1, 4, 425543, 99318, 17660, 14941, 17032, 16104, 17014, 16567, NULL, NULL, NULL, NULL, NULL, 0.65, 1, 0, NULL, NULL, 294, 309, 1772824745, NULL, NULL, NULL, NULL, NULL, NULL, NULL, NULL, NULL, NULL, 209.9, 0, 0, 0, 0, 0, 0, 0.99, 0.0),
(43, 10, 1, 5, 527298, 101755, 18468, 15479, 17498, 16456, 17529, 16325, NULL, NULL, NULL, NULL, NULL, 0.94, 1, 0, NULL, NULL, 296, 312, 1772824847, NULL, NULL, NULL, NULL, NULL, NULL, NULL, NULL, NULL, NULL, 203.1, 0, 0, 0, 0, 0, 0, 0.996, 0.0),
(44, 11, 1, 1, 126337, 100718, 18378, 15290, 17051, 16384, 17371, 16244, NULL, NULL, NULL, NULL, NULL, 0.85, 1, 0, NULL, NULL, 294, 313, 1772824446, NULL, NULL, NULL, NULL, NULL, NULL, NULL, NULL, NULL, NULL, 202.4, 0, 0, 0, 0, 2, 0, 0.983, 0.0),
(45, 11, 1, 2, 228399, 102062, 18023, 15454, 17324, 16431, 17158, 17672, NULL, NULL, NULL, NULL, NULL, 0.78, 1, 0, NULL, NULL, 298, 303, 1772824548, NULL, NULL, NULL, NULL, NULL, NULL, NULL, NULL, NULL, NULL, 207.1, 0, 0, 0, 0, 0, 0, 0.981, 0.0),
(46, 11, 1, 3, 334323, 105924, 19174, 16109, 18032, 16930, 17824, 17855, NULL, NULL, NULL, NULL, NULL, 0.78, 1, 0, NULL, NULL, 297, 310, 1772824654, NULL, NULL, NULL, NULL, NULL, NULL, NULL, NULL, NULL, NULL, 201.9, 0, 0, 0, 0, 0, 0, 0.97, 0.0),
(47, 11, 1, 4, 436665, 102342, 18357, 15339, 17263, 16547, 17375, 17461, NULL, NULL, NULL, NULL, NULL, 0.95, 1, 0, NULL, NULL, 295, 304, 1772824756, NULL, NULL, NULL, NULL, NULL, NULL, NULL, NULL, NULL, NULL, 205.7, 0, 0, 0, 0, 0, 0, 0.982, 0.0),
(48, 11, 1, 5, 540397, 103732, 18651, 15397, 17579, 16309, 17576, 18220, NULL, NULL, NULL, NULL, NULL, 0.64, 0, 0, NULL, NULL, 298, 310, 1772824860, NULL, NULL, NULL, NULL, NULL, NULL, NULL, NULL, NULL, NULL, 202.1, 0, 0, 0, 1, 0, 0, 0.993, 0.0),
(49, 12, 1, 1, 126119, 102703, 18395, 15237, 17221, 16734, 17710, 17406, NULL, NULL, NULL, NULL, NULL, 0.84, 1, 0, NULL, NULL, 293, 309, 1772824446, NULL, NULL, NULL, NULL, NULL, NULL, NULL, NULL, NULL, NULL, 203.3, 0, 0, 0, 0, 1, 0, 0.979, 0.0),
(50, 12, 1, 2, 224245, 98126, 17314, 14987, 16509, 15802, 16835, 16679, NULL, NULL, NULL, NULL, NULL, 0.83, 1, 0, NULL, NULL, 295, 313, 1772824544, NULL, NULL, NULL, NULL, NULL, NULL, NULL, NULL, NULL, NULL, 200.6, 0, 0, 0, 0, 0, 0, 0.991, 0.0),
(51, 12, 1, 3, 323147, 98902, 17993, 14577, 16656, 15935, 16657, 17084, NULL, NULL, NULL, NULL, NULL, 0.78, 0, 0, NULL, NULL, 294, 307, 1772824643, NULL, NULL, NULL, NULL, NULL, NULL, NULL, NULL, NULL, NULL, 208.8, 0, 0, 0, 1, 0, 0, 0.96, 0.0),
(52, 12, 1, 4, 421026, 97879, 17609, 14679, 16772, 15903, 16843, 16073, NULL, NULL, NULL, NULL, NULL, 0.87, 1, 0, NULL, NULL, 295, 306, 1772824741, NULL, NULL, NULL, NULL, NULL, NULL, NULL, NULL, NULL, NULL, 208.1, 0, 0, 0, 0, 0, 0, 0.973, 0.0),
(53, 12, 1, 5, 523336, 102310, 18310, 15230, 17059, 16387, 17347, 17977, NULL, NULL, NULL, NULL, NULL, 0.55, 1, 0, NULL, NULL, 296, 311, 1772824843, NULL, NULL, NULL, NULL, NULL, NULL, NULL, NULL, NULL, NULL, 203.3, 0, 0, 0, 0, 0, 0, 0.976, 0.0),
(54, 13, 1, 1, 115018, 105411, 18925, 15749, 17567, 16795, 17953, 18422, NULL, NULL, NULL, NULL, NULL, 0.85, 1, 0, NULL, NULL, 297, 312, 1772824435, NULL, NULL, NULL, NULL, NULL, NULL, NULL, NULL, NULL, NULL, 200.1, 0, 0, 0, 0, 0, 0, 0.986, 0.0),
(55, 13, 1, 2, 217026, 102008, 18677, 15116, 17471, 16309, 17158, 17277, NULL, NULL, NULL, NULL, NULL, 0.68, 1, 0, NULL, NULL, 298, 304, 1772824537, NULL, NULL, NULL, NULL, NULL, NULL, NULL, NULL, NULL, NULL, 206.4, 0, 0, 0, 0, 0, 0, 0.998, 0.0),
(56, 13, 1, 3, 320335, 103309, 18448, 15323, 17700, 16355, 17676, 17807, NULL, NULL, NULL, NULL, NULL, 0.84, 1, 0, NULL, NULL, 297, 313, 1772824640, NULL, NULL, NULL, NULL, NULL, NULL, NULL, NULL, NULL, NULL, 208.3, 0, 0, 0, 0, 0, 0, 0.99, 0.0),
(57, 13, 1, 4, 426715, 106380, 18849, 16176, 18180, 17220, 18443, 17512, NULL, NULL, NULL, NULL, NULL, 0.76, 1, 0, NULL, NULL, 297, 311, 1772824746, NULL, NULL, NULL, NULL, NULL, NULL, NULL, NULL, NULL, NULL, 201.5, 0, 0, 0, 0, 0, 0, 0.973, 0.0),
(58, 13, 1, 5, 529167, 102452, 18769, 15270, 17665, 16565, 17161, 17022, NULL, NULL, NULL, NULL, NULL, 0.9, 0, 0, NULL, NULL, 296, 312, 1772824849, NULL, NULL, NULL, NULL, NULL, NULL, NULL, NULL, NULL, NULL, 200.6, 0, 0, 0, 2, 0, 0, 0.978, 0.0),
(59, 14, 1, 1, 128378, 99678, 17989, 14912, 16610, 15853, 17199, 17115, NULL, NULL, NULL, NULL, NULL, 0.88, 1, 0, NULL, NULL, 293, 310, 1772824448, NULL, NULL, NULL, NULL, NULL, NULL, NULL, NULL, NULL, NULL, 200.3, 0, 0, 0, 0, 0, 0, 0.976, 0.0),
(60, 14, 1, 2, 233133, 104755, 19224, 15829, 17835, 16816, 17911, 17140, NULL, NULL, NULL, NULL, NULL, 0.7, 0, 0, NULL, NULL, 298, 308, 1772824553, NULL, NULL, NULL, NULL, NULL, NULL, NULL, NULL, NULL, NULL, 201.2, 0, 0, 0, 2, 0, 0, 1.0, 0.0),
(61, 14, 1, 3, 333676, 100543, 17964, 14783, 16774, 16070, 17225, 17727, NULL, NULL, NULL, NULL, NULL, 0.97, 1, 0, NULL, NULL, 294, 310, 1772824653, NULL, NULL, NULL, NULL, NULL, NULL, NULL, NULL, NULL, NULL, 203.5, 0, 0, 0, 0, 0, 0, 0.971, 0.0),
(62, 14, 1, 4, 434100, 100424, 17747, 15191, 17360, 15762, 16977, 17387, NULL, NULL, NULL, NULL, NULL, 0.61, 1, 0, NULL, NULL, 294, 303, 1772824754, NULL, NULL, NULL, NULL, NULL, NULL, NULL, NULL, NULL, NULL, 204.0, 0, 0, 0, 0, 0, 1, 0.969, 0.0),
(63, 14, 1, 5, 534062, 99962, 17777, 15210, 16950, 15913, 17243, 16869, NULL, NULL, NULL, NULL, NULL, 0.76, 1, 0, NULL, NULL, 294, 307, 1772824854, NULL, NULL, NULL, NULL, NULL, NULL, NULL, NULL, NULL, NULL, 208.8, 0, 0, 0, 0, 0, 0, 0.999, 0.0),
(64, 15, 1, 1, 124012, 105461, 18884, 15565, 18140, 17141, 17749, 17982, NULL, NULL, NULL, NULL, NULL, 0.85, 1, 0, NULL, NULL, 298, 313, 1772824444, NULL, NULL, NULL, NULL, NULL, NULL, NULL, NULL, NULL, NULL, 203.8, 0, 0, 0, 0, 0, 0, 0.981, 0.0),
(65, 15, 1, 2, 230356, 106344, 18911, 15939, 18102, 16863, 18267, 18262, NULL, NULL, NULL, NULL, NULL, 0.78, 1, 0, NULL, NULL, 296, 303, 1772824550, NULL, NULL, NULL, NULL, NULL, NULL, NULL, NULL, NULL, NULL, 205.6, 0, 0, 0, 0, 0, 0, 0.999, 0.0),
(66, 15, 1, 3, 334454, 104098, 18760, 15550, 17604, 16530, 17681, 17973, NULL, NULL, NULL, NULL, NULL, 0.8, 1, 0, NULL, NULL, 297, 306, 1772824654, NULL, NULL, NULL, NULL, NULL, NULL, NULL, NULL, NULL, NULL, 200.5, 0, 0, 0, 0, 0, 0, 0.975, 0.0),
(67, 15, 1, 4, 437777, 103323, 18301, 15381, 17814, 16773, 17435, 17619, NULL, NULL, NULL, NULL, NULL, 1.0, 1, 0, NULL, NULL, 294, 306, 1772824757, NULL, NULL, NULL, NULL, NULL, NULL, NULL, NULL, NULL, NULL, 209.6, 0, 0, 0, 0, 0, 0, 0.965, 0.0),
(68, 15, 1, 5, 544700, 106923, 19110, 16336, 18533, 16974, 18219, 17751, NULL, NULL, NULL, NULL, NULL, 0.76, 0, 0, NULL, NULL, 297, 313, 1772824864, NULL, NULL, NULL, NULL, NULL, NULL, NULL, NULL, NULL, NULL, 203.6, 0, 0, 0, 3, 0, 0, 0.97, 0.0),
(69, 16, 1, 1, 121111, 99817, 17708, 15153, 16956, 15859, 17008, 17133, NULL, NULL, NULL, NULL, NULL, 0.71, 1, 0, NULL, NULL, 295, 311, 1772824441, NULL, NULL, NULL, NULL, NULL, NULL, NULL, NULL, NULL, NULL, 209.3, 0, 0, 0, 0, 1, 0, 0.983, 0.0),
(70, 16, 1, 2, 218359, 97248, 17354, 14633, 16437, 15636, 16785, 16403, NULL, NULL, NULL, NULL, NULL, 0.75, 1, 0, NULL, NULL, 295, 310, 1772824538, NULL, NULL, NULL, NULL, NULL, NULL, NULL, NULL, NULL, NULL, 209.7, 0, 0, 0, 0, 0, 0, 0.986, 0.0),
(71, 16, 1, 3, 315737, 97378, 17538, 14487, 16366, 15828, 16723, 16436, NULL, NULL, NULL, NULL, NULL, 0.91, 1, 0, NULL, NULL, 297, 303, 1772824635, NULL, NULL, NULL, NULL, NULL, NULL, NULL, NULL, NULL, NULL, 208.4, 0, 0, 0, 0, 0, 0, 0.963, 0.0),
(72, 16, 1, 4, 412134, 96397, 17010, 14592, 16200, 15351, 16129, 17115, NULL, NULL, NULL, NULL, NULL, 0.71, 1, 0, NULL, NULL, 298, 310, 1772824732, NULL, NULL, NULL, NULL, NULL, NULL, NULL, NULL, NULL, NULL, 200.2, 0, 0, 0, 0, 2, 0, 0.981, 0.0),
(73, 16, 1, 5, 508271, 96137, 17500, 14413, 16565, 15367, 16034, 16258, NULL, NULL, NULL, NULL, NULL, 0.81, 1, 0, NULL, NULL, 293, 304, 1772824828, NULL, NULL, NULL, NULL, NULL, NULL, NULL, NULL, NULL, NULL, 205.2, 0, 0, 0, 0, 0, 0, 0.97, 0.0),
(74, 17, 1, 1, 116303, 99689, 17992, 14734, 16991, 16046, 17079, 16847, NULL, NULL, NULL, NULL, NULL, 0.69, 1, 0, NULL, NULL, 298, 313, 1772996516, NULL, NULL, NULL, NULL, NULL, NULL, NULL, NULL, NULL, NULL, 207.6, 0, 0, 0, 0, 0, 0, 0.964, 0.0),
(75, 17, 1, 2, 218330, 102027, 18484, 15055, 17650, 16007, 17173, 17658, NULL, NULL, NULL, NULL, NULL, 0.61, 1, 0, NULL, NULL, 297, 304, 1772996618, NULL, NULL, NULL, NULL, NULL, NULL, NULL, NULL, NULL, NULL, 208.9, 0, 0, 0, 0, 0, 0, 0.997, 0.0),
(76, 17, 1, 3, 321501, 103171, 18779, 15652, 17466, 16224, 17265, 17785, NULL, NULL, NULL, NULL, NULL, 0.57, 1, 0, NULL, NULL, 294, 308, 1772996721, NULL, NULL, NULL, NULL, NULL, NULL, NULL, NULL, NULL, NULL, 200.2, 0, 0, 0, 0, 0, 0, 0.968, 0.0),
(77, 17, 1, 4, 422263, 100762, 17853, 15118, 16953, 16376, 17033, 17429, NULL, NULL, NULL, NULL, NULL, 0.54, 1, 0, NULL, NULL, 296, 305, 1772996822, NULL, NULL, NULL, NULL, NULL, NULL, NULL, NULL, NULL, NULL, 207.9, 0, 0, 0, 0, 0, 0, 0.988, 0.0),
(78, 18, 1, 1, 115772, 99439, 17642, 15064, 16803, 15669, 16914, 17347, NULL, NULL, NULL, NULL, NULL, 0.75, 1, 0, NULL, NULL, 293, 313, 1772996515, NULL, NULL, NULL, NULL, NULL, NULL, NULL, NULL, NULL, NULL, 202.7, 0, 0, 0, 0, 0, 0, 1.0, 0.0),
(79, 18, 1, 2, 217686, 101914, 18544, 15366, 17421, 16170, 17578, 16835, NULL, NULL, NULL, NULL, NULL, 0.86, 1, 0, NULL, NULL, 298, 304, 1772996617, NULL, NULL, NULL, NULL, NULL, NULL, NULL, NULL, NULL, NULL, 200.8, 0, 0, 0, 0, 0, 0, 0.966, 0.0),
(80, 18, 1, 3, 321878, 104192, 18536, 15714, 17682, 16706, 17467, 18087, NULL, NULL, NULL, NULL, NULL, 0.78, 1, 0, NULL, NULL, 293, 305, 1772996721, NULL, NULL, NULL, NULL, NULL, NULL, NULL, NULL, NULL, NULL, 200.9, 0, 0, 0, 0, 0, 0, 0.977, 0.0),
(81, 18, 1, 4, 425075, 103197, 18621, 15275, 17219, 16272, 17555, 18255, NULL, NULL, NULL, NULL, NULL, 0.86, 1, 0, NULL, NULL, 293, 307, 1772996825, NULL, NULL, NULL, NULL, NULL, NULL, NULL, NULL, NULL, NULL, 204.1, 0, 0, 0, 0, 0, 0, 0.991, 0.0),
(82, 18, 1, 5, 528658, 103583, 18520, 15812, 17790, 16415, 17958, 17088, NULL, NULL, NULL, NULL, NULL, 0.65, 1, 0, NULL, NULL, 294, 304, 1772996928, NULL, NULL, NULL, NULL, NULL, NULL, NULL, NULL, NULL, NULL, 201.7, 0, 0, 0, 0, 0, 0, 0.971, 0.0),
(83, 19, 1, 1, 119394, 102561, 18343, 15584, 17695, 16712, 17287, 16940, NULL, NULL, NULL, NULL, NULL, 0.72, 1, 0, NULL, NULL, 295, 312, 1772996519, NULL, NULL, NULL, NULL, NULL, NULL, NULL, NULL, NULL, NULL, 203.8, 0, 0, 0, 0, 0, 1, 0.994, 0.0),
(84, 19, 1, 2, 223421, 104027, 19016, 15900, 17470, 16619, 17659, 17363, NULL, NULL, NULL, NULL, NULL, 0.75, 1, 0, NULL, NULL, 296, 308, 1772996623, NULL, NULL, NULL, NULL, NULL, NULL, NULL, NULL, NULL, NULL, 202.9, 0, 0, 0, 0, 0, 0, 0.988, 0.0),
(85, 19, 1, 3, 328638, 105217, 18809, 15800, 17914, 16785, 17931, 17978, NULL, NULL, NULL, NULL, NULL, 0.97, 1, 0, NULL, NULL, 298, 311, 1772996728, NULL, NULL, NULL, NULL, NULL, NULL, NULL, NULL, NULL, NULL, 200.3, 0, 0, 0, 0, 0, 0, 0.989, 0.0),
(86, 20, 1, 1, 118753, 99386, 18241, 14679, 16976, 16094, 16700, 16696, NULL, NULL, NULL, NULL, NULL, 0.79, 1, 0, NULL, NULL, 296, 304, 1772996518, NULL, NULL, NULL, NULL, NULL, NULL, NULL, NULL, NULL, NULL, 204.5, 0, 0, 0, 0, 0, 0, 0.984, 0.0),
(87, 20, 1, 2, 220130, 101377, 18401, 15330, 17446, 15933, 17258, 17009, NULL, NULL, NULL, NULL, NULL, 0.82, 1, 0, NULL, NULL, 293, 306, 1772996620, NULL, NULL, NULL, NULL, NULL, NULL, NULL, NULL, NULL, NULL, 206.6, 0, 0, 0, 0, 0, 0, 0.974, 0.0),
(88, 20, 1, 3, 317492, 97362, 17751, 14721, 16559, 15706, 16328, 16297, NULL, NULL, NULL, NULL, NULL, 0.79, 1, 0, NULL, NULL, 296, 308, 1772996717, NULL, NULL, NULL, NULL, NULL, NULL, NULL, NULL, NULL, NULL, 203.9, 0, 0, 0, 0, 0, 0, 0.991, 0.0),
(89, 21, 1, 1, 114264, 104325, 18428, 15830, 17488, 16661, 17806, 18112, NULL, NULL, NULL, NULL, NULL, 0.76, 0, 0, NULL, NULL, 295, 307, 1772996514, NULL, NULL, NULL, NULL, NULL, NULL, NULL, NULL, NULL, NULL, 203.4, 0, 0, 0, 1, 0, 0, 0.991, 0.0),
(90, 21, 1, 2, 218617, 104353, 18895, 15438, 17834, 16826, 17712, 17648, NULL, NULL, NULL, NULL, NULL, 0.99, 1, 0, NULL, NULL, 298, 304, 1772996618, NULL, NULL, NULL, NULL, NULL, NULL, NULL, NULL, NULL, NULL, 206.8, 0, 0, 0, 0, 1, 1, 0.967, 0.0),
(91, 21, 1, 3, 322115, 103498, 18785, 15392, 17808, 16391, 17581, 17541, NULL, NULL, NULL, NULL, NULL, 0.7, 1, 0, NULL, NULL, 298, 305, 1772996722, NULL, NULL, NULL, NULL, NULL, NULL, NULL, NULL, NULL, NULL, 201.9, 0, 0, 0, 0, 0, 0, 0.986, 0.0),
(92, 21, 1, 4, 428645, 106530, 18994, 16120, 18354, 17143, 18146, 17773, NULL, NULL, NULL, NULL, NULL, 0.68, 1, 0, NULL, NULL, 297, 304, 1772996828, NULL, NULL, NULL, NULL, NULL, NULL, NULL, NULL, NULL, NULL, 208.0, 0, 0, 0, 0, 0, 0, 0.981, 0.0),
(93, 21, 1, 5, 531759, 103114, 18657, 15274, 17447, 16670, 17719, 17347, NULL, NULL, NULL, NULL, NULL, 0.91, 0, 0, NULL, NULL, 295, 308, 1772996931, NULL, NULL, NULL, NULL, NULL, NULL, NULL, NULL, NULL, NULL, 208.5, 0, 0, 0, 2, 0, 0, 0.985, 0.0),
(94, 22, 1, 1, 119279, 104533, 19043, 15452, 18103, 16528, 17735, 17672, NULL, NULL, NULL, NULL, NULL, 0.69, 1, 0, NULL, NULL, 297, 309, 1772996519, NULL, NULL, NULL, NULL, NULL, NULL, NULL, NULL, NULL, NULL, 204.2, 0, 0, 0, 0, 0, 0, 0.966, 0.0),
(95, 22, 1, 2, 220300, 101021, 18318, 15400, 17490, 16017, 17398, 16398, NULL, NULL, NULL, NULL, NULL, 0.74, 1, 0, NULL, NULL, 297, 303, 1772996620, NULL, NULL, NULL, NULL, NULL, NULL, NULL, NULL, NULL, NULL, 208.7, 0, 0, 0, 0, 0, 0, 0.998, 0.0),
(96, 22, 1, 3, 321398, 101098, 18227, 15436, 17360, 16358, 17261, 16456, NULL, NULL, NULL, NULL, NULL, 0.61, 1, 0, NULL, NULL, 294, 304, 1772996721, NULL, NULL, NULL, NULL, NULL, NULL, NULL, NULL, NULL, NULL, 205.7, 0, 0, 0, 0, 0, 0, 0.992, 0.0),
(97, 22, 1, 4, 421165, 99767, 17880, 14896, 17171, 15938, 16793, 17089, NULL, NULL, NULL, NULL, NULL, 0.89, 1, 0, NULL, NULL, 297, 311, 1772996821, NULL, NULL, NULL, NULL, NULL, NULL, NULL, NULL, NULL, NULL, 201.1, 0, 0, 0, 0, 0, 0, 0.965, 0.0),
(98, 22, 1, 5, 523670, 102505, 18636, 15110, 17528, 16631, 17300, 17300, NULL, NULL, NULL, NULL, NULL, 0.91, 0, 0, NULL, NULL, 295, 303, 1772996923, NULL, NULL, NULL, NULL, NULL, NULL, NULL, NULL, NULL, NULL, 204.5, 0, 0, 0, 1, 0, 0, 0.974, 0.0),
(99, 23, 1, 1, 113787, 104941, 18726, 16029, 18188, 16814, 18107, 17077, NULL, NULL, NULL, NULL, NULL, 0.8, 1, 0, NULL, NULL, 294, 303, 1772996513, NULL, NULL, NULL, NULL, NULL, NULL, NULL, NULL, NULL, NULL, 205.7, 0, 0, 0, 0, 0, 0, 0.981, 0.0),
(100, 23, 1, 2, 218166, 104379, 18744, 15642, 17686, 16952, 17663, 17692, NULL, NULL, NULL, NULL, NULL, 0.93, 0, 0, NULL, NULL, 294, 309, 1772996618, NULL, NULL, NULL, NULL, NULL, NULL, NULL, NULL, NULL, NULL, 209.2, 0, 0, 0, 3, 0, 0, 1.0, 0.0),
(101, 23, 1, 3, 322205, 104039, 19071, 15428, 17588, 16463, 17662, 17827, NULL, NULL, NULL, NULL, NULL, 0.69, 1, 0, NULL, NULL, 294, 312, 1772996722, NULL, NULL, NULL, NULL, NULL, NULL, NULL, NULL, NULL, NULL, 206.3, 0, 0, 0, 0, 0, 0, 0.985, 0.0),
(102, 23, 1, 4, 425823, 103618, 18926, 15327, 17675, 16774, 17547, 17369, NULL, NULL, NULL, NULL, NULL, 0.87, 1, 0, NULL, NULL, 295, 312, 1772996825, NULL, NULL, NULL, NULL, NULL, NULL, NULL, NULL, NULL, NULL, 200.0, 0, 0, 0, 0, 0, 0, 0.991, 0.0),
(103, 24, 1, 1, 121222, 101200, 18532, 15243, 16924, 16416, 17267, 16818, NULL, NULL, NULL, NULL, NULL, 0.78, 1, 0, NULL, NULL, 295, 307, 1772996521, NULL, NULL, NULL, NULL, NULL, NULL, NULL, NULL, NULL, NULL, 203.4, 0, 0, 0, 0, 0, 0, 0.983, 0.0),
(104, 24, 1, 2, 221197, 99975, 17987, 14746, 16703, 15778, 17297, 17464, NULL, NULL, NULL, NULL, NULL, 0.6, 1, 0, NULL, NULL, 296, 310, 1772996621, NULL, NULL, NULL, NULL, NULL, NULL, NULL, NULL, NULL, NULL, 200.0, 0, 0, 0, 0, 0, 0, 0.998, 0.0),
(105, 24, 1, 3, 322837, 101640, 18065, 15251, 17095, 16217, 17028, 17984, NULL, NULL, NULL, NULL, NULL, 0.88, 1, 0, NULL, NULL, 293, 309, 1772996722, NULL, NULL, NULL, NULL, NULL, NULL, NULL, NULL, NULL, NULL, 206.3, 0, 0, 0, 0, 0, 0, 0.989, 0.0),
(106, 24, 1, 4, 422353, 99516, 18225, 14722, 16676, 15605, 16797, 17491, NULL, NULL, NULL, NULL, NULL, 0.99, 1, 0, NULL, NULL, 293, 303, 1772996822, NULL, NULL, NULL, NULL, NULL, NULL, NULL, NULL, NULL, NULL, 207.0, 0, 0, 0, 0, 0, 0, 0.993, 0.0),
(107, 24, 1, 5, 521812, 99459, 18254, 14755, 17059, 15667, 16804, 16920, NULL, NULL, NULL, NULL, NULL, 0.88, 1, 0, NULL, NULL, 295, 307, 1772996921, NULL, NULL, NULL, NULL, NULL, NULL, NULL, NULL, NULL, NULL, 201.4, 0, 0, 0, 0, 0, 0, 0.991, 0.0),
(108, 25, 1, 1, 112117, 102755, 18819, 15251, 17189, 16655, 17695, 17146, NULL, NULL, NULL, NULL, NULL, 0.72, 1, 0, NULL, NULL, 298, 305, 1772997232, NULL, NULL, NULL, NULL, NULL, NULL, NULL, NULL, NULL, NULL, 209.2, 0, 0, 0, 0, 0, 0, 0.985, 0.0),
(109, 25, 1, 2, 211396, 99279, 17601, 14696, 16683, 15693, 17143, 17463, NULL, NULL, NULL, NULL, NULL, 0.8, 1, 0, NULL, NULL, 294, 307, 1772997331, NULL, NULL, NULL, NULL, NULL, NULL, NULL, NULL, NULL, NULL, 206.4, 0, 0, 0, 0, 0, 0, 0.97, 0.0),
(110, 25, 1, 3, 313873, 102477, 18368, 15091, 17747, 16377, 17283, 17611, NULL, NULL, NULL, NULL, NULL, 0.62, 1, 0, NULL, NULL, 298, 303, 1772997433, NULL, NULL, NULL, NULL, NULL, NULL, NULL, NULL, NULL, NULL, 207.8, 0, 0, 0, 0, 0, 0, 0.992, 0.0),
(111, 25, 1, 4, 414534, 100661, 17871, 15044, 17281, 16391, 16842, 17232, NULL, NULL, NULL, NULL, NULL, 0.68, 1, 0, NULL, NULL, 294, 309, 1772997534, NULL, NULL, NULL, NULL, NULL, NULL, NULL, NULL, NULL, NULL, 208.6, 0, 0, 0, 0, 0, 0, 0.983, 0.0),
(112, 25, 1, 5, 517628, 103094, 18361, 15637, 17249, 16183, 17776, 17888, NULL, NULL, NULL, NULL, NULL, 0.88, 1, 0, NULL, NULL, 296, 311, 1772997637, NULL, NULL, NULL, NULL, NULL, NULL, NULL, NULL, NULL, NULL, 202.9, 0, 0, 0, 0, 0, 1, 0.989, 0.0),
(113, 26, 1, 1, 123628, 104749, 18888, 15482, 18106, 16973, 18001, 17299, NULL, NULL, NULL, NULL, NULL, 0.88, 1, 0, NULL, NULL, 294, 311, 1772997243, NULL, NULL, NULL, NULL, NULL, NULL, NULL, NULL, NULL, NULL, 203.3, 0, 0, 0, 0, 0, 0, 0.983, 0.0),
(114, 26, 1, 2, 227951, 104323, 19100, 15403, 17697, 16805, 17624, 17694, NULL, NULL, NULL, NULL, NULL, 0.83, 1, 0, NULL, NULL, 297, 312, 1772997347, NULL, NULL, NULL, NULL, NULL, NULL, NULL, NULL, NULL, NULL, 200.6, 0, 0, 0, 0, 0, 0, 0.987, 0.0),
(115, 26, 1, 3, 328389, 100438, 17839, 14776, 16873, 15760, 16900, 18290, NULL, NULL, NULL, NULL, NULL, 0.63, 1, 0, NULL, NULL, 294, 308, 1772997448, NULL, NULL, NULL, NULL, NULL, NULL, NULL, NULL, NULL, NULL, 201.3, 0, 0, 0, 0, 0, 0, 0.991, 0.0),
(116, 26, 1, 4, 428356, 99967, 17665, 15039, 17094, 15953, 17191, 17025, NULL, NULL, NULL, NULL, NULL, 0.93, 1, 0, NULL, NULL, 296, 310, 1772997548, NULL, NULL, NULL, NULL, NULL, NULL, NULL, NULL, NULL, NULL, 205.1, 0, 0, 0, 0, 0, 0, 0.962, 0.0),
(117, 26, 1, 5, 528723, 100367, 18081, 14915, 16982, 15842, 17308, 17239, NULL, NULL, NULL, NULL, NULL, 0.69, 1, 0, NULL, NULL, 293, 303, 1772997648, NULL, NULL, NULL, NULL, NULL, NULL, NULL, NULL, NULL, NULL, 202.4, 0, 0, 0, 0, 0, 0, 0.979, 0.0),
(118, 27, 1, 1, 111883, 101966, 18022, 15555, 17659, 16417, 17217, 17096, NULL, NULL, NULL, NULL, NULL, 0.95, 1, 0, NULL, NULL, 293, 312, 1772997231, NULL, NULL, NULL, NULL, NULL, NULL, NULL, NULL, NULL, NULL, 203.7, 0, 0, 0, 0, 0, 0, 0.98, 0.0),
(119, 27, 1, 2, 213852, 101969, 18215, 15518, 17035, 16399, 17058, 17744, NULL, NULL, NULL, NULL, NULL, 0.78, 0, 0, NULL, NULL, 297, 310, 1772997333, NULL, NULL, NULL, NULL, NULL, NULL, NULL, NULL, NULL, NULL, 200.1, 0, 0, 0, 2, 0, 0, 0.968, 0.0),
(120, 27, 1, 3, 316841, 102989, 18805, 15388, 17633, 16526, 17763, 16874, NULL, NULL, NULL, NULL, NULL, 0.77, 0, 0, NULL, NULL, 294, 303, 1772997436, NULL, NULL, NULL, NULL, NULL, NULL, NULL, NULL, NULL, NULL, 209.3, 0, 0, 0, 1, 0, 0, 0.961, 0.0),
(121, 27, 1, 4, 422550, 105709, 19357, 15548, 17954, 16576, 18284, 17990, NULL, NULL, NULL, NULL, NULL, 0.99, 1, 0, NULL, NULL, 297, 306, 1772997542, NULL, NULL, NULL, NULL, NULL, NULL, NULL, NULL, NULL, NULL, 204.2, 0, 0, 0, 0, 0, 0, 0.998, 0.0),
(122, 27, 1, 5, 524216, 101666, 18662, 15231, 17033, 15985, 17175, 17580, NULL, NULL, NULL, NULL, NULL, 0.82, 0, 0, NULL, NULL, 298, 304, 1772997644, NULL, NULL, NULL, NULL, NULL, NULL, NULL, NULL, NULL, NULL, 205.8, 0, 0, 0, 3, 0, 0, 0.98, 0.0),
(123, 28, 1, 1, 115535, 97613, 17825, 14930, 16326, 15751, 16396, 16385, NULL, NULL, NULL, NULL, NULL, 0.54, 1, 0, NULL, NULL, 298, 308, 1772997235, NULL, NULL, NULL, NULL, NULL, NULL, NULL, NULL, NULL, NULL, 203.2, 0, 0, 0, 0, 0, 0, 0.971, 0.0),
(124, 28, 1, 2, 214195, 98660, 17542, 14615, 16596, 15578, 16605, 17724, NULL, NULL, NULL, NULL, NULL, 0.56, 1, 0, NULL, NULL, 294, 310, 1772997334, NULL, NULL, NULL, NULL, NULL, NULL, NULL, NULL, NULL, NULL, 203.1, 0, 0, 0, 0, 0, 0, 0.971, 0.0),
(125, 28, 1, 3, 312486, 98291, 18041, 14760, 16992, 15453, 16595, 16450, NULL, NULL, NULL, NULL, NULL, 0.63, 1, 0, NULL, NULL, 295, 309, 1772997432, NULL, NULL, NULL, NULL, NULL, NULL, NULL, NULL, NULL, NULL, 205.1, 0, 0, 0, 0, 0, 0, 0.987, 0.0),
(126, 28, 1, 4, 410910, 98424, 17393, 14882, 16861, 16002, 16961, 16325, NULL, NULL, NULL, NULL, NULL, 0.61, 1, 0, NULL, NULL, 293, 303, 1772997530, NULL, NULL, NULL, NULL, NULL, NULL, NULL, NULL, NULL, NULL, 200.6, 0, 0, 0, 0, 0, 0, 0.991, 0.0),
(127, 28, 1, 5, 509533, 98623, 17807, 14879, 17075, 15550, 17026, 16286, NULL, NULL, NULL, NULL, NULL, 0.95, 1, 0, NULL, NULL, 294, 313, 1772997629, NULL, NULL, NULL, NULL, NULL, NULL, NULL, NULL, NULL, NULL, 204.4, 0, 0, 0, 0, 0, 0, 0.965, 0.0),
(128, 29, 1, 1, 118367, 102503, 18124, 15540, 17128, 16244, 17664, 17803, NULL, NULL, NULL, NULL, NULL, 0.59, 1, 0, NULL, NULL, 298, 309, 1772997238, NULL, NULL, NULL, NULL, NULL, NULL, NULL, NULL, NULL, NULL, 201.7, 0, 0, 0, 0, 0, 0, 0.969, 0.0),
(129, 29, 1, 2, 222159, 103792, 18765, 15409, 17327, 16902, 17926, 17463, NULL, NULL, NULL, NULL, NULL, 0.6, 1, 0, NULL, NULL, 293, 304, 1772997342, NULL, NULL, NULL, NULL, NULL, NULL, NULL, NULL, NULL, NULL, 202.8, 0, 0, 0, 0, 0, 0, 0.965, 0.0),
(130, 29, 1, 3, 327966, 105807, 18920, 16110, 17647, 16982, 17995, 18153, NULL, NULL, NULL, NULL, NULL, 0.61, 1, 0, NULL, NULL, 296, 307, 1772997447, NULL, NULL, NULL, NULL, NULL, NULL, NULL, NULL, NULL, NULL, 201.8, 0, 0, 0, 0, 0, 0, 0.973, 0.0),
(131, 29, 1, 4, 431767, 103801, 18370, 15742, 17836, 16642, 17892, 17319, NULL, NULL, NULL, NULL, NULL, 0.79, 0, 0, NULL, NULL, 297, 303, 1772997551, NULL, NULL, NULL, NULL, NULL, NULL, NULL, NULL, NULL, NULL, 207.6, 0, 0, 0, 1, 0, 0, 0.998, 0.0),
(132, 29, 1, 5, 536448, 104681, 18829, 15565, 17620, 16656, 18046, 17965, NULL, NULL, NULL, NULL, NULL, 0.78, 1, 0, NULL, NULL, 298, 308, 1772997656, NULL, NULL, NULL, NULL, NULL, NULL, NULL, NULL, NULL, NULL, 209.5, 0, 0, 0, 0, 0, 0, 0.983, 0.0),
(133, 30, 1, 1, 114700, 103532, 18818, 15535, 17427, 16736, 17286, 17730, NULL, NULL, NULL, NULL, NULL, 0.57, 1, 0, NULL, NULL, 293, 308, 1772997234, NULL, NULL, NULL, NULL, NULL, NULL, NULL, NULL, NULL, NULL, 209.2, 0, 0, 0, 0, 0, 0, 0.968, 0.0),
(134, 30, 1, 2, 215653, 100953, 18139, 14900, 16841, 15980, 17419, 17674, NULL, NULL, NULL, NULL, NULL, 0.79, 1, 0, NULL, NULL, 293, 308, 1772997335, NULL, NULL, NULL, NULL, NULL, NULL, NULL, NULL, NULL, NULL, 207.0, 0, 0, 0, 0, 0, 0, 0.986, 0.0),
(135, 30, 1, 3, 317910, 102257, 18347, 15362, 17175, 16195, 17483, 17695, NULL, NULL, NULL, NULL, NULL, 0.89, 1, 0, NULL, NULL, 298, 311, 1772997437, NULL, NULL, NULL, NULL, NULL, NULL, NULL, NULL, NULL, NULL, 206.9, 0, 0, 0, 0, 0, 0, 0.997, 0.0),
(136, 30, 1, 4, 419238, 101328, 18556, 15499, 17060, 16275, 17195, 16743, NULL, NULL, NULL, NULL, NULL, 0.98, 1, 0, NULL, NULL, 298, 312, 1772997539, NULL, NULL, NULL, NULL, NULL, NULL, NULL, NULL, NULL, NULL, 203.9, 0, 0, 0, 0, 0, 0, 1.0, 0.0),
(137, 30, 1, 5, 519003, 99765, 17784, 14990, 17247, 15869, 17275, 16600, NULL, NULL, NULL, NULL, NULL, 0.94, 1, 0, NULL, NULL, 294, 308, 1772997639, NULL, NULL, NULL, NULL, NULL, NULL, NULL, NULL, NULL, NULL, 209.8, 0, 0, 0, 0, 0, 0, 0.967, 0.0),
(138, 31, 1, 1, 116395, 108488, 19791, 16291, 18531, 17022, 18345, 18508, NULL, NULL, NULL, NULL, NULL, 0.71, 1, 0, NULL, NULL, 298, 303, 1772997236, NULL, NULL, NULL, NULL, NULL, NULL, NULL, NULL, NULL, NULL, 200.5, 0, 0, 0, 0, 0, 0, 0.978, 0.0),
(139, 31, 1, 2, 220757, 104362, 18833, 15845, 17774, 16723, 17946, 17241, NULL, NULL, NULL, NULL, NULL, 0.65, 1, 0, NULL, NULL, 294, 310, 1772997340, NULL, NULL, NULL, NULL, NULL, NULL, NULL, NULL, NULL, NULL, 200.7, 0, 0, 0, 0, 0, 0, 0.994, 0.0),
(140, 31, 1, 3, 326367, 105610, 18896, 15632, 17669, 16910, 17768, 18735, NULL, NULL, NULL, NULL, NULL, 0.85, 0, 0, NULL, NULL, 295, 312, 1772997446, NULL, NULL, NULL, NULL, NULL, NULL, NULL, NULL, NULL, NULL, 209.9, 0, 0, 0, 1, 0, 0, 0.996, 0.0),
(141, 31, 1, 4, 432900, 106533, 19461, 15828, 18369, 17149, 17908, 17818, NULL, NULL, NULL, NULL, NULL, 0.63, 1, 0, NULL, NULL, 298, 311, 1772997552, NULL, NULL, NULL, NULL, NULL, NULL, NULL, NULL, NULL, NULL, 207.2, 0, 0, 0, 0, 0, 0, 0.989, 0.0),
(142, 31, 1, 5, 538206, 105306, 18880, 15723, 17642, 16562, 17946, 18553, NULL, NULL, NULL, NULL, NULL, 0.81, 1, 0, NULL, NULL, 293, 309, 1772997658, NULL, NULL, NULL, NULL, NULL, NULL, NULL, NULL, NULL, NULL, 200.9, 0, 0, 0, 0, 0, 0, 0.993, 0.0),
(143, 32, 1, 1, 118374, 97635, 17322, 14379, 16477, 15483, 16919, 17055, NULL, NULL, NULL, NULL, NULL, 0.55, 1, 0, NULL, NULL, 296, 310, 1772997238, NULL, NULL, NULL, NULL, NULL, NULL, NULL, NULL, NULL, NULL, 204.9, 0, 0, 0, 0, 0, 0, 0.986, 0.0),
(144, 32, 1, 2, 218831, 100457, 18117, 14956, 17115, 16142, 17114, 17013, NULL, NULL, NULL, NULL, NULL, 0.83, 1, 0, NULL, NULL, 295, 312, 1772997338, NULL, NULL, NULL, NULL, NULL, NULL, NULL, NULL, NULL, NULL, 200.6, 0, 0, 0, 0, 2, 0, 0.99, 0.0),
(145, 32, 1, 3, 315533, 96702, 17742, 14567, 16665, 15586, 16714, 15428, NULL, NULL, NULL, NULL, NULL, 0.94, 1, 0, NULL, NULL, 297, 313, 1772997435, NULL, NULL, NULL, NULL, NULL, NULL, NULL, NULL, NULL, NULL, 208.7, 0, 0, 0, 0, 2, 0, 0.979, 0.0),
(146, 32, 1, 4, 415434, 99901, 17929, 14766, 17048, 15700, 17158, 17300, NULL, NULL, NULL, NULL, NULL, 0.99, 1, 0, NULL, NULL, 293, 310, 1772997535, NULL, NULL, NULL, NULL, NULL, NULL, NULL, NULL, NULL, NULL, 201.7, 0, 0, 0, 0, 0, 0, 0.999, 0.0),
(147, 32, 1, 5, 513012, 97578, 17342, 14387, 16690, 15380, 16702, 17077, NULL, NULL, NULL, NULL, NULL, 0.78, 1, 0, NULL, NULL, 295, 304, 1772997633, NULL, NULL, NULL, NULL, NULL, NULL, NULL, NULL, NULL, NULL, 200.9, 0, 0, 0, 0, 0, 0, 0.982, 0.0);

COMMIT;
