-- stracker testdata: Trackday (Nordschleife Touristenfahrten)
-- Generert 2026-03-11
BEGIN TRANSACTION;

INSERT INTO Players (PlayerId, SteamGuid, Name, ArtInt) VALUES
(1, '76561100000000001', 'Ansen', 0),
(2, '76561100000000002', 'Bjørnar', 0),
(3, '76561100000000003', 'Christoffer', 0),
(4, '76561100000000004', 'Dagfinn', 0),
(5, '76561100000000005', 'Erik', 0),
(6, '76561100000000006', 'Frida', 0),
(7, '76561100000000007', 'Gunhild', 0),
(8, '76561100000000008', 'Henrik', 0);

INSERT INTO Tracks (TrackId, Track, UiTrackName, Length) VALUES
(1, 'ks_nordschleife-touristenfahrten_ai', 'Nordschleife Touristenfahrten', 20832.0);

INSERT INTO Cars (CarId, Car, UiCarName, Brand) VALUES
(1, 'abarth500', 'Abarth 500', 'Abarth'),
(2, 'bmw_m3_e30', 'BMW M3 E30', 'BMW'),
(3, 'bmw_m3_e92', 'BMW M3 E92', 'BMW'),
(4, 'ks_porsche_911_gt3_r_2016', 'Porsche 911 GT3 R', 'Porsche'),
(5, 'ks_mazda_mx5_nd', 'Mazda MX-5 ND', 'Mazda'),
(6, 'ks_toyota_gt86', 'Toyota GT86', 'Toyota'),
(7, 'alfa_romeo_giulietta_qv', 'Alfa Romeo Giulietta QV', 'Alfa Romeo');

INSERT INTO TyreCompounds (TyreCompoundId, TyreCompound) VALUES
(1, 'Street'),
(2, 'Semislicks');

INSERT INTO Session (SessionId, TrackId, SessionType, Multiplayer, NumberOfLaps, Duration, ServerIpPort, StartTimeDate, EndTimeDate, PenaltiesEnabled, AllowedTyresOut, TyreWearFactor, FuelRate, Damage) VALUES
(1, 1, 'Practice', 1, 0, 90, '46.225.176.106:9600', 1772733600, 1772739000, 0, 4, 1.0, 1.0, 1.0),
(2, 1, 'Practice', 1, 0, 90, '46.225.176.106:9600', 1772913600, 1772919000, 0, 4, 1.0, 1.0, 1.0),
(3, 1, 'Practice', 1, 0, 120, '46.225.176.106:9600', 1773064800, 1773072000, 0, 4, 1.0, 1.0, 1.0);

INSERT INTO PlayerInSession (PlayerInSessionId, SessionId, PlayerId, ACVersion, PTVersion, TrackChecksum, CarChecksum, CarId, FinishPosition, RaceFinished) VALUES
(1, 1, 1, '1.16.4', '0.0.54', NULL, NULL, 1, 1000, 0),
(2, 1, 2, '1.16.4', '0.0.54', NULL, NULL, 2, 1000, 0),
(3, 1, 4, '1.16.4', '0.0.54', NULL, NULL, 3, 1000, 0),
(4, 1, 5, '1.16.4', '0.0.54', NULL, NULL, 5, 1000, 0),
(5, 1, 6, '1.16.4', '0.0.54', NULL, NULL, 6, 1000, 0),
(6, 1, 8, '1.16.4', '0.0.54', NULL, NULL, 4, 1000, 0),
(7, 2, 1, '1.16.4', '0.0.54', NULL, NULL, 4, 1000, 0),
(8, 2, 2, '1.16.4', '0.0.54', NULL, NULL, 3, 1000, 0),
(9, 2, 3, '1.16.4', '0.0.54', NULL, NULL, 2, 1000, 0),
(10, 2, 4, '1.16.4', '0.0.54', NULL, NULL, 1, 1000, 0),
(11, 2, 5, '1.16.4', '0.0.54', NULL, NULL, 7, 1000, 0),
(12, 2, 7, '1.16.4', '0.0.54', NULL, NULL, 5, 1000, 0),
(13, 2, 8, '1.16.4', '0.0.54', NULL, NULL, 4, 1000, 0),
(14, 3, 1, '1.16.4', '0.0.54', NULL, NULL, 6, 1000, 0),
(15, 3, 3, '1.16.4', '0.0.54', NULL, NULL, 4, 1000, 0),
(16, 3, 6, '1.16.4', '0.0.54', NULL, NULL, 2, 1000, 0),
(17, 3, 7, '1.16.4', '0.0.54', NULL, NULL, 7, 1000, 0),
(18, 3, 8, '1.16.4', '0.0.54', NULL, NULL, 3, 1000, 0);

INSERT INTO Lap (LapId, PlayerInSessionId, TyreCompoundId, LapCount, SessionTime, LapTime, SectorTime0, SectorTime1, SectorTime2, SectorTime3, SectorTime4, SectorTime5, SectorTime6, SectorTime7, SectorTime8, SectorTime9, HistoryInfo, FuelRatio, Valid, SectorsAreSoftSplits, MaxABS, MaxTC, TemperatureAmbient, TemperatureTrack, Timestamp, AidABS, AidTC, AidAutoBlib, AidAutoBrake, AidAutoClutch, AidAutoShift, AidIdealLine, AidStabilityControl, AidSlipStream, AidTyreBlankets, MaxSpeed_KMH, TimeInPitLane, TimeInPit, ESCPressed, Cuts, CollisionsCar, CollisionsEnv, GripLevel, Ballast) VALUES
(1, 1, 1, 1, 475287, 466639, 175277, 162310, 129052, NULL, NULL, NULL, NULL, NULL, NULL, NULL, NULL, 0.62, 1, 0, NULL, NULL, 297, 309, 1772734075, NULL, NULL, NULL, NULL, NULL, NULL, NULL, NULL, NULL, NULL, 175.3, 0, 0, 0, 0, 0, 0, 0.964, 0.0),
(2, 1, 2, 2, 942026, 466739, 173837, 161719, 131183, NULL, NULL, NULL, NULL, NULL, NULL, NULL, NULL, 0.9, 1, 0, NULL, NULL, 297, 307, 1772734542, NULL, NULL, NULL, NULL, NULL, NULL, NULL, NULL, NULL, NULL, 183.1, 0, 0, 0, 0, 0, 0, 0.96, 0.0),
(3, 1, 1, 3, 1434722, 492696, 181439, 171271, 139986, NULL, NULL, NULL, NULL, NULL, NULL, NULL, NULL, 0.63, 1, 0, NULL, NULL, 296, 304, 1772735034, NULL, NULL, NULL, NULL, NULL, NULL, NULL, NULL, NULL, NULL, 178.6, 0, 0, 0, 0, 0, 0, 0.974, 0.0),
(4, 1, 2, 4, 1902569, 467847, 175618, 164235, 127994, NULL, NULL, NULL, NULL, NULL, NULL, NULL, NULL, 0.6, 1, 0, NULL, NULL, 298, 312, 1772735502, NULL, NULL, NULL, NULL, NULL, NULL, NULL, NULL, NULL, NULL, 183.9, 0, 0, 0, 0, 0, 0, 0.974, 0.0),
(5, 1, 1, 5, 2372127, 469558, 170637, 166476, 132445, NULL, NULL, NULL, NULL, NULL, NULL, NULL, NULL, 0.68, 1, 0, NULL, NULL, 293, 309, 1772735972, NULL, NULL, NULL, NULL, NULL, NULL, NULL, NULL, NULL, NULL, 177.8, 0, 0, 0, 0, 0, 0, 0.985, 0.0),
(6, 1, 1, 6, 2861387, 489260, 180316, 169533, 139411, NULL, NULL, NULL, NULL, NULL, NULL, NULL, NULL, 0.58, 1, 0, NULL, NULL, 297, 313, 1772736461, NULL, NULL, NULL, NULL, NULL, NULL, NULL, NULL, NULL, NULL, 176.7, 0, 0, 0, 0, 0, 0, 0.989, 0.0),
(7, 1, 1, 7, 3351254, 489867, 179836, 173266, 136765, NULL, NULL, NULL, NULL, NULL, NULL, NULL, NULL, 0.53, 1, 0, NULL, NULL, 294, 303, 1772736951, NULL, NULL, NULL, NULL, NULL, NULL, NULL, NULL, NULL, NULL, 183.1, 0, 0, 0, 0, 0, 0, 0.976, 0.0),
(8, 2, 1, 1, 534146, 505622, 185080, 178797, 141745, NULL, NULL, NULL, NULL, NULL, NULL, NULL, NULL, 0.63, 1, 0, NULL, NULL, 295, 305, 1772734134, NULL, NULL, NULL, NULL, NULL, NULL, NULL, NULL, NULL, NULL, 207.5, 0, 0, 0, 0, 0, 0, 0.982, 0.0),
(9, 2, 2, 2, 1047223, 513077, 193396, 180765, 138916, NULL, NULL, NULL, NULL, NULL, NULL, NULL, NULL, 0.58, 1, 0, NULL, NULL, 293, 303, 1772734647, NULL, NULL, NULL, NULL, NULL, NULL, NULL, NULL, NULL, NULL, 213.6, 0, 0, 0, 0, 0, 0, 0.966, 0.0),
(10, 2, 2, 3, 1559889, 512666, 190778, 176365, 145523, NULL, NULL, NULL, NULL, NULL, NULL, NULL, NULL, 0.94, 1, 0, NULL, NULL, 297, 303, 1772735159, NULL, NULL, NULL, NULL, NULL, NULL, NULL, NULL, NULL, NULL, 211.8, 0, 0, 0, 0, 0, 0, 0.965, 0.0),
(11, 2, 1, 4, 2062375, 502486, 188497, 177603, 136386, NULL, NULL, NULL, NULL, NULL, NULL, NULL, NULL, 0.75, 1, 0, NULL, NULL, 298, 307, 1772735662, NULL, NULL, NULL, NULL, NULL, NULL, NULL, NULL, NULL, NULL, 214.7, 0, 0, 0, 0, 0, 0, 0.99, 0.0),
(12, 2, 1, 5, 2554348, 491973, 185521, 173869, 132583, NULL, NULL, NULL, NULL, NULL, NULL, NULL, NULL, 0.77, 1, 0, NULL, NULL, 295, 305, 1772736154, NULL, NULL, NULL, NULL, NULL, NULL, NULL, NULL, NULL, NULL, 210.4, 0, 0, 0, 0, 0, 0, 0.991, 0.0),
(13, 2, 2, 6, 3039385, 485037, 180780, 169022, 135235, NULL, NULL, NULL, NULL, NULL, NULL, NULL, NULL, 0.54, 1, 0, NULL, NULL, 294, 303, 1772736639, NULL, NULL, NULL, NULL, NULL, NULL, NULL, NULL, NULL, NULL, 207.4, 0, 0, 0, 0, 0, 0, 0.983, 0.0),
(14, 2, 2, 7, 3556234, 516849, 194094, 177846, 144909, NULL, NULL, NULL, NULL, NULL, NULL, NULL, NULL, 0.71, 0, 0, NULL, NULL, 297, 305, 1772737156, NULL, NULL, NULL, NULL, NULL, NULL, NULL, NULL, NULL, NULL, 207.7, 0, 0, 0, 3, 0, 0, 0.995, 0.0),
(15, 3, 2, 1, 495853, 473182, 177416, 164854, 130912, NULL, NULL, NULL, NULL, NULL, NULL, NULL, NULL, 0.79, 1, 0, NULL, NULL, 293, 306, 1772734095, NULL, NULL, NULL, NULL, NULL, NULL, NULL, NULL, NULL, NULL, 237.2, 0, 0, 0, 0, 0, 0, 0.974, 0.0),
(16, 3, 1, 2, 970933, 475080, 177084, 164757, 133239, NULL, NULL, NULL, NULL, NULL, NULL, NULL, NULL, 0.83, 1, 0, NULL, NULL, 293, 308, 1772734570, NULL, NULL, NULL, NULL, NULL, NULL, NULL, NULL, NULL, NULL, 235.7, 0, 0, 0, 0, 0, 0, 0.97, 0.0),
(17, 3, 1, 3, 1444973, 474040, 176304, 163679, 134057, NULL, NULL, NULL, NULL, NULL, NULL, NULL, NULL, 0.72, 1, 0, NULL, NULL, 296, 309, 1772735044, NULL, NULL, NULL, NULL, NULL, NULL, NULL, NULL, NULL, NULL, 236.9, 0, 0, 0, 0, 0, 0, 0.964, 0.0),
(18, 3, 1, 4, 1932732, 487759, 180228, 171126, 136405, NULL, NULL, NULL, NULL, NULL, NULL, NULL, NULL, 0.55, 0, 0, NULL, NULL, 293, 309, 1772735532, NULL, NULL, NULL, NULL, NULL, NULL, NULL, NULL, NULL, NULL, 242.3, 0, 0, 0, 1, 0, 0, 0.992, 0.0),
(19, 3, 1, 5, 2405288, 472556, 172907, 166480, 133169, NULL, NULL, NULL, NULL, NULL, NULL, NULL, NULL, 0.55, 1, 0, NULL, NULL, 293, 310, 1772736005, NULL, NULL, NULL, NULL, NULL, NULL, NULL, NULL, NULL, NULL, 243.1, 0, 0, 0, 0, 0, 0, 0.994, 0.0),
(20, 4, 1, 1, 548680, 525967, 191479, 186580, 147908, NULL, NULL, NULL, NULL, NULL, NULL, NULL, NULL, 0.7, 1, 0, NULL, NULL, 296, 303, 1772734148, NULL, NULL, NULL, NULL, NULL, NULL, NULL, NULL, NULL, NULL, 191.6, 0, 0, 0, 0, 0, 0, 0.96, 0.0),
(21, 4, 2, 2, 1103499, 554819, 205851, 193768, 155200, NULL, NULL, NULL, NULL, NULL, NULL, NULL, NULL, 0.79, 1, 0, NULL, NULL, 294, 306, 1772734703, NULL, NULL, NULL, NULL, NULL, NULL, NULL, NULL, NULL, NULL, 193.0, 0, 0, 0, 0, 0, 0, 0.999, 0.0),
(22, 4, 1, 3, 1632493, 528994, 197940, 184014, 147040, NULL, NULL, NULL, NULL, NULL, NULL, NULL, NULL, 0.8, 1, 0, NULL, NULL, 293, 311, 1772735232, NULL, NULL, NULL, NULL, NULL, NULL, NULL, NULL, NULL, NULL, 190.8, 0, 0, 0, 0, 0, 0, 0.967, 0.0),
(23, 4, 1, 4, 2172907, 540414, 199261, 186344, 154809, NULL, NULL, NULL, NULL, NULL, NULL, NULL, NULL, 0.97, 0, 0, NULL, NULL, 296, 313, 1772735772, NULL, NULL, NULL, NULL, NULL, NULL, NULL, NULL, NULL, NULL, 195.8, 0, 0, 0, 3, 0, 0, 0.981, 0.0),
(24, 4, 2, 5, 2711293, 538386, 200704, 190534, 147148, NULL, NULL, NULL, NULL, NULL, NULL, NULL, NULL, 0.5, 1, 0, NULL, NULL, 296, 308, 1772736311, NULL, NULL, NULL, NULL, NULL, NULL, NULL, NULL, NULL, NULL, 199.3, 0, 0, 0, 0, 0, 0, 0.997, 0.0),
(25, 4, 1, 6, 3242845, 531552, 193341, 186727, 151484, NULL, NULL, NULL, NULL, NULL, NULL, NULL, NULL, 0.77, 1, 0, NULL, NULL, 294, 308, 1772736842, NULL, NULL, NULL, NULL, NULL, NULL, NULL, NULL, NULL, NULL, 192.8, 0, 0, 0, 0, 0, 0, 0.978, 0.0),
(26, 4, 1, 7, 3787670, 544825, 202564, 193486, 148775, NULL, NULL, NULL, NULL, NULL, NULL, NULL, NULL, 0.78, 1, 0, NULL, NULL, 294, 307, 1772737387, NULL, NULL, NULL, NULL, NULL, NULL, NULL, NULL, NULL, NULL, 191.2, 0, 0, 0, 0, 2, 0, 0.964, 0.0),
(27, 5, 2, 1, 523035, 508803, 190370, 177328, 141105, NULL, NULL, NULL, NULL, NULL, NULL, NULL, NULL, 0.64, 1, 0, NULL, NULL, 295, 303, 1772734123, NULL, NULL, NULL, NULL, NULL, NULL, NULL, NULL, NULL, NULL, 195.9, 0, 0, 0, 0, 0, 0, 0.977, 0.0),
(28, 5, 2, 2, 1018267, 495232, 182303, 176182, 136747, NULL, NULL, NULL, NULL, NULL, NULL, NULL, NULL, 0.97, 1, 0, NULL, NULL, 297, 309, 1772734618, NULL, NULL, NULL, NULL, NULL, NULL, NULL, NULL, NULL, NULL, 200.6, 0, 0, 0, 0, 0, 0, 0.964, 0.0),
(29, 5, 1, 3, 1523035, 504768, 187498, 173430, 143840, NULL, NULL, NULL, NULL, NULL, NULL, NULL, NULL, 0.99, 1, 0, NULL, NULL, 293, 307, 1772735123, NULL, NULL, NULL, NULL, NULL, NULL, NULL, NULL, NULL, NULL, 198.6, 0, 0, 0, 0, 0, 0, 0.997, 0.0),
(30, 5, 2, 4, 2020649, 497614, 187798, 173612, 136204, NULL, NULL, NULL, NULL, NULL, NULL, NULL, NULL, 0.58, 1, 0, NULL, NULL, 297, 305, 1772735620, NULL, NULL, NULL, NULL, NULL, NULL, NULL, NULL, NULL, NULL, 204.3, 0, 0, 0, 0, 0, 0, 0.969, 0.0),
(31, 5, 2, 5, 2527252, 506603, 190915, 177142, 138546, NULL, NULL, NULL, NULL, NULL, NULL, NULL, NULL, 0.55, 1, 0, NULL, NULL, 298, 306, 1772736127, NULL, NULL, NULL, NULL, NULL, NULL, NULL, NULL, NULL, NULL, 197.7, 0, 0, 0, 0, 0, 0, 0.991, 0.0),
(32, 5, 2, 6, 3024789, 497537, 187440, 174510, 135587, NULL, NULL, NULL, NULL, NULL, NULL, NULL, NULL, 0.66, 1, 0, NULL, NULL, 294, 306, 1772736624, NULL, NULL, NULL, NULL, NULL, NULL, NULL, NULL, NULL, NULL, 195.2, 0, 0, 0, 0, 0, 0, 0.968, 0.0),
(33, 6, 1, 1, 482158, 468012, 174956, 164701, 128355, NULL, NULL, NULL, NULL, NULL, NULL, NULL, NULL, 0.63, 1, 0, NULL, NULL, 293, 307, 1772734082, NULL, NULL, NULL, NULL, NULL, NULL, NULL, NULL, NULL, NULL, 256.8, 0, 0, 0, 0, 0, 0, 0.999, 0.0),
(34, 6, 1, 2, 934262, 452104, 168820, 158631, 124653, NULL, NULL, NULL, NULL, NULL, NULL, NULL, NULL, 0.72, 1, 0, NULL, NULL, 296, 312, 1772734534, NULL, NULL, NULL, NULL, NULL, NULL, NULL, NULL, NULL, NULL, 256.9, 0, 0, 0, 0, 0, 0, 0.962, 0.0),
(35, 6, 1, 3, 1413335, 479073, 180318, 168732, 130023, NULL, NULL, NULL, NULL, NULL, NULL, NULL, NULL, 0.67, 1, 0, NULL, NULL, 295, 309, 1772735013, NULL, NULL, NULL, NULL, NULL, NULL, NULL, NULL, NULL, NULL, 255.7, 0, 0, 0, 0, 0, 0, 0.987, 0.0),
(36, 6, 2, 4, 1878907, 465572, 174250, 160711, 130611, NULL, NULL, NULL, NULL, NULL, NULL, NULL, NULL, 0.6, 1, 0, NULL, NULL, 295, 309, 1772735478, NULL, NULL, NULL, NULL, NULL, NULL, NULL, NULL, NULL, NULL, 262.0, 0, 0, 0, 0, 0, 0, 0.982, 0.0),
(37, 6, 1, 5, 2348754, 469847, 175915, 167286, 126646, NULL, NULL, NULL, NULL, NULL, NULL, NULL, NULL, 0.8, 0, 0, NULL, NULL, 295, 307, 1772735948, NULL, NULL, NULL, NULL, NULL, NULL, NULL, NULL, NULL, NULL, 257.1, 0, 0, 0, 3, 0, 0, 0.991, 0.0),
(38, 7, 1, 1, 514188, 493952, 182729, 174960, 136263, NULL, NULL, NULL, NULL, NULL, NULL, NULL, NULL, 0.81, 1, 0, NULL, NULL, 298, 304, 1772914114, NULL, NULL, NULL, NULL, NULL, NULL, NULL, NULL, NULL, NULL, 257.8, 0, 0, 0, 0, 0, 0, 0.987, 0.0),
(39, 7, 1, 2, 985308, 471120, 177532, 167748, 125840, NULL, NULL, NULL, NULL, NULL, NULL, NULL, NULL, 0.92, 1, 0, NULL, NULL, 293, 303, 1772914585, NULL, NULL, NULL, NULL, NULL, NULL, NULL, NULL, NULL, NULL, 257.4, 0, 0, 0, 0, 0, 0, 0.979, 0.0),
(40, 7, 2, 3, 1455080, 469772, 174069, 164527, 131176, NULL, NULL, NULL, NULL, NULL, NULL, NULL, NULL, 0.95, 0, 0, NULL, NULL, 296, 306, 1772915055, NULL, NULL, NULL, NULL, NULL, NULL, NULL, NULL, NULL, NULL, 256.5, 0, 0, 0, 3, 0, 0, 0.988, 0.0),
(41, 7, 2, 4, 1927065, 471985, 177518, 165373, 129094, NULL, NULL, NULL, NULL, NULL, NULL, NULL, NULL, 0.73, 1, 0, NULL, NULL, 293, 311, 1772915527, NULL, NULL, NULL, NULL, NULL, NULL, NULL, NULL, NULL, NULL, 257.5, 0, 0, 0, 0, 0, 0, 0.994, 0.0),
(42, 7, 2, 5, 2422515, 495450, 185118, 174290, 136042, NULL, NULL, NULL, NULL, NULL, NULL, NULL, NULL, 0.72, 0, 0, NULL, NULL, 297, 311, 1772916022, NULL, NULL, NULL, NULL, NULL, NULL, NULL, NULL, NULL, NULL, 259.3, 0, 0, 0, 3, 0, 0, 0.996, 0.0),
(43, 7, 2, 6, 2897945, 475430, 178483, 166960, 129987, NULL, NULL, NULL, NULL, NULL, NULL, NULL, NULL, 0.54, 1, 0, NULL, NULL, 297, 310, 1772916497, NULL, NULL, NULL, NULL, NULL, NULL, NULL, NULL, NULL, NULL, 261.3, 0, 0, 0, 0, 0, 0, 0.971, 0.0),
(44, 8, 1, 1, 515490, 502807, 185069, 175082, 142656, NULL, NULL, NULL, NULL, NULL, NULL, NULL, NULL, 0.77, 0, 0, NULL, NULL, 298, 306, 1772914115, NULL, NULL, NULL, NULL, NULL, NULL, NULL, NULL, NULL, NULL, 235.6, 0, 0, 0, 1, 0, 0, 0.976, 0.0),
(45, 8, 1, 2, 1027738, 512248, 186251, 177395, 148602, NULL, NULL, NULL, NULL, NULL, NULL, NULL, NULL, 0.65, 1, 0, NULL, NULL, 297, 309, 1772914627, NULL, NULL, NULL, NULL, NULL, NULL, NULL, NULL, NULL, NULL, 239.8, 0, 0, 0, 0, 0, 0, 0.998, 0.0),
(46, 8, 1, 3, 1538296, 510558, 192119, 181968, 136471, NULL, NULL, NULL, NULL, NULL, NULL, NULL, NULL, 0.69, 1, 0, NULL, NULL, 296, 306, 1772915138, NULL, NULL, NULL, NULL, NULL, NULL, NULL, NULL, NULL, NULL, 237.7, 0, 0, 0, 0, 0, 0, 0.979, 0.0),
(47, 8, 1, 4, 2049793, 511497, 191400, 176795, 143302, NULL, NULL, NULL, NULL, NULL, NULL, NULL, NULL, 0.82, 1, 0, NULL, NULL, 296, 312, 1772915649, NULL, NULL, NULL, NULL, NULL, NULL, NULL, NULL, NULL, NULL, 240.6, 0, 0, 0, 0, 0, 0, 0.961, 0.0),
(48, 8, 2, 5, 2543686, 493893, 186187, 173187, 134519, NULL, NULL, NULL, NULL, NULL, NULL, NULL, NULL, 0.88, 1, 0, NULL, NULL, 295, 308, 1772916143, NULL, NULL, NULL, NULL, NULL, NULL, NULL, NULL, NULL, NULL, 242.6, 0, 0, 0, 0, 0, 0, 0.975, 0.0),
(49, 8, 2, 6, 3056313, 512627, 187944, 182670, 142013, NULL, NULL, NULL, NULL, NULL, NULL, NULL, NULL, 0.52, 1, 0, NULL, NULL, 294, 313, 1772916656, NULL, NULL, NULL, NULL, NULL, NULL, NULL, NULL, NULL, NULL, 235.7, 0, 0, 0, 0, 1, 0, 0.998, 0.0),
(50, 9, 1, 1, 531167, 518065, 194725, 177862, 145478, NULL, NULL, NULL, NULL, NULL, NULL, NULL, NULL, 0.68, 1, 0, NULL, NULL, 297, 306, 1772914131, NULL, NULL, NULL, NULL, NULL, NULL, NULL, NULL, NULL, NULL, 209.7, 0, 0, 0, 0, 0, 0, 0.97, 0.0),
(51, 9, 2, 2, 1043673, 512506, 192206, 182501, 137799, NULL, NULL, NULL, NULL, NULL, NULL, NULL, NULL, 0.97, 1, 0, NULL, NULL, 297, 313, 1772914643, NULL, NULL, NULL, NULL, NULL, NULL, NULL, NULL, NULL, NULL, 214.1, 0, 0, 0, 0, 0, 0, 0.975, 0.0),
(52, 9, 2, 3, 1561670, 517997, 188447, 182523, 147027, NULL, NULL, NULL, NULL, NULL, NULL, NULL, NULL, 0.78, 1, 0, NULL, NULL, 298, 312, 1772915161, NULL, NULL, NULL, NULL, NULL, NULL, NULL, NULL, NULL, NULL, 213.1, 0, 0, 0, 0, 0, 0, 0.992, 0.0),
(53, 9, 2, 4, 2069361, 507691, 186933, 178502, 142256, NULL, NULL, NULL, NULL, NULL, NULL, NULL, NULL, 0.98, 1, 0, NULL, NULL, 293, 309, 1772915669, NULL, NULL, NULL, NULL, NULL, NULL, NULL, NULL, NULL, NULL, 213.2, 0, 0, 0, 0, 0, 0, 0.964, 0.0),
(54, 9, 2, 5, 2604490, 535129, 199832, 184803, 150494, NULL, NULL, NULL, NULL, NULL, NULL, NULL, NULL, 0.91, 1, 0, NULL, NULL, 297, 311, 1772916204, NULL, NULL, NULL, NULL, NULL, NULL, NULL, NULL, NULL, NULL, 212.7, 0, 0, 0, 0, 0, 0, 0.979, 0.0),
(55, 10, 1, 1, 494916, 481122, 181432, 167036, 132654, NULL, NULL, NULL, NULL, NULL, NULL, NULL, NULL, 0.51, 1, 0, NULL, NULL, 296, 312, 1772914094, NULL, NULL, NULL, NULL, NULL, NULL, NULL, NULL, NULL, NULL, 181.1, 0, 0, 0, 0, 0, 0, 0.975, 0.0),
(56, 10, 2, 2, 976216, 481300, 176009, 169080, 136211, NULL, NULL, NULL, NULL, NULL, NULL, NULL, NULL, 0.62, 1, 0, NULL, NULL, 297, 303, 1772914576, NULL, NULL, NULL, NULL, NULL, NULL, NULL, NULL, NULL, NULL, 180.2, 0, 0, 0, 0, 0, 0, 0.968, 0.0),
(57, 10, 2, 3, 1462851, 486635, 180455, 171464, 134716, NULL, NULL, NULL, NULL, NULL, NULL, NULL, NULL, 0.85, 1, 0, NULL, NULL, 296, 303, 1772915062, NULL, NULL, NULL, NULL, NULL, NULL, NULL, NULL, NULL, NULL, 175.9, 0, 0, 0, 0, 0, 0, 0.969, 0.0),
(58, 10, 2, 4, 1942918, 480067, 179511, 169427, 131129, NULL, NULL, NULL, NULL, NULL, NULL, NULL, NULL, 0.56, 1, 0, NULL, NULL, 295, 310, 1772915542, NULL, NULL, NULL, NULL, NULL, NULL, NULL, NULL, NULL, NULL, 177.7, 0, 0, 0, 0, 0, 0, 0.97, 0.0),
(59, 10, 1, 5, 2415539, 472621, 173956, 163088, 135577, NULL, NULL, NULL, NULL, NULL, NULL, NULL, NULL, 0.88, 1, 0, NULL, NULL, 294, 310, 1772916015, NULL, NULL, NULL, NULL, NULL, NULL, NULL, NULL, NULL, NULL, 177.8, 0, 0, 0, 0, 0, 0, 0.984, 0.0),
(60, 10, 1, 6, 2894085, 478546, 174344, 165732, 138470, NULL, NULL, NULL, NULL, NULL, NULL, NULL, NULL, 0.85, 1, 0, NULL, NULL, 295, 303, 1772916494, NULL, NULL, NULL, NULL, NULL, NULL, NULL, NULL, NULL, NULL, 184.7, 0, 0, 0, 0, 0, 0, 0.982, 0.0),
(61, 10, 2, 7, 3362360, 468275, 175021, 166785, 126469, NULL, NULL, NULL, NULL, NULL, NULL, NULL, NULL, 0.63, 1, 0, NULL, NULL, 296, 310, 1772916962, NULL, NULL, NULL, NULL, NULL, NULL, NULL, NULL, NULL, NULL, 178.4, 0, 0, 0, 0, 0, 0, 0.999, 0.0),
(62, 11, 1, 1, 538020, 529282, 195200, 185572, 148510, NULL, NULL, NULL, NULL, NULL, NULL, NULL, NULL, 0.78, 1, 0, NULL, NULL, 297, 307, 1772914138, NULL, NULL, NULL, NULL, NULL, NULL, NULL, NULL, NULL, NULL, 215.9, 0, 0, 0, 0, 0, 0, 0.97, 0.0),
(63, 11, 2, 2, 1090294, 552274, 205221, 194313, 152740, NULL, NULL, NULL, NULL, NULL, NULL, NULL, NULL, 0.65, 1, 0, NULL, NULL, 296, 307, 1772914690, NULL, NULL, NULL, NULL, NULL, NULL, NULL, NULL, NULL, NULL, 223.6, 0, 0, 0, 0, 0, 0, 1.0, 0.0),
(64, 11, 2, 3, 1619241, 528947, 196790, 187491, 144666, NULL, NULL, NULL, NULL, NULL, NULL, NULL, NULL, 0.54, 1, 0, NULL, NULL, 298, 304, 1772915219, NULL, NULL, NULL, NULL, NULL, NULL, NULL, NULL, NULL, NULL, 216.6, 0, 0, 0, 0, 0, 0, 0.967, 0.0),
(65, 11, 2, 4, 2144416, 525175, 193774, 183825, 147576, NULL, NULL, NULL, NULL, NULL, NULL, NULL, NULL, 0.84, 1, 0, NULL, NULL, 298, 307, 1772915744, NULL, NULL, NULL, NULL, NULL, NULL, NULL, NULL, NULL, NULL, 222.0, 0, 0, 0, 0, 0, 1, 0.978, 0.0),
(66, 11, 2, 5, 2686753, 542337, 203104, 192502, 146731, NULL, NULL, NULL, NULL, NULL, NULL, NULL, NULL, 0.63, 1, 0, NULL, NULL, 293, 311, 1772916286, NULL, NULL, NULL, NULL, NULL, NULL, NULL, NULL, NULL, NULL, 217.2, 0, 0, 0, 0, 0, 0, 0.966, 0.0),
(67, 11, 2, 6, 3221074, 534321, 194329, 183760, 156232, NULL, NULL, NULL, NULL, NULL, NULL, NULL, NULL, 0.7, 1, 0, NULL, NULL, 296, 304, 1772916821, NULL, NULL, NULL, NULL, NULL, NULL, NULL, NULL, NULL, NULL, 219.7, 0, 0, 0, 0, 0, 0, 0.972, 0.0),
(68, 12, 2, 1, 593760, 572361, 214710, 196978, 160673, NULL, NULL, NULL, NULL, NULL, NULL, NULL, NULL, 0.93, 1, 0, NULL, NULL, 293, 304, 1772914193, NULL, NULL, NULL, NULL, NULL, NULL, NULL, NULL, NULL, NULL, 192.3, 0, 0, 0, 0, 0, 0, 0.987, 0.0),
(69, 12, 1, 2, 1135119, 541359, 202560, 191193, 147606, NULL, NULL, NULL, NULL, NULL, NULL, NULL, NULL, 0.59, 1, 0, NULL, NULL, 296, 311, 1772914735, NULL, NULL, NULL, NULL, NULL, NULL, NULL, NULL, NULL, NULL, 196.5, 0, 0, 0, 0, 0, 0, 0.997, 0.0),
(70, 12, 1, 3, 1703685, 568566, 214218, 202957, 151391, NULL, NULL, NULL, NULL, NULL, NULL, NULL, NULL, 0.83, 1, 0, NULL, NULL, 294, 308, 1772915303, NULL, NULL, NULL, NULL, NULL, NULL, NULL, NULL, NULL, NULL, 194.1, 0, 0, 0, 0, 0, 0, 0.98, 0.0),
(71, 12, 2, 4, 2269929, 566244, 205921, 197947, 162376, NULL, NULL, NULL, NULL, NULL, NULL, NULL, NULL, 0.71, 1, 0, NULL, NULL, 297, 303, 1772915869, NULL, NULL, NULL, NULL, NULL, NULL, NULL, NULL, NULL, NULL, 196.6, 0, 0, 0, 0, 0, 0, 0.982, 0.0),
(72, 12, 1, 5, 2822222, 552293, 204509, 192399, 155385, NULL, NULL, NULL, NULL, NULL, NULL, NULL, NULL, 0.72, 1, 0, NULL, NULL, 294, 307, 1772916422, NULL, NULL, NULL, NULL, NULL, NULL, NULL, NULL, NULL, NULL, 195.5, 0, 0, 0, 0, 0, 0, 0.997, 0.0),
(73, 12, 2, 6, 3393988, 571766, 209311, 196352, 166103, NULL, NULL, NULL, NULL, NULL, NULL, NULL, NULL, 1.0, 0, 0, NULL, NULL, 297, 303, 1772916993, NULL, NULL, NULL, NULL, NULL, NULL, NULL, NULL, NULL, NULL, 195.5, 0, 0, 0, 3, 0, 0, 0.964, 0.0),
(74, 13, 2, 1, 472818, 452698, 169455, 156537, 126706, NULL, NULL, NULL, NULL, NULL, NULL, NULL, NULL, 0.78, 1, 0, NULL, NULL, 296, 310, 1772914072, NULL, NULL, NULL, NULL, NULL, NULL, NULL, NULL, NULL, NULL, 264.8, 0, 0, 0, 0, 0, 0, 0.97, 0.0),
(75, 13, 2, 2, 942956, 470138, 172033, 166168, 131937, NULL, NULL, NULL, NULL, NULL, NULL, NULL, NULL, 0.91, 1, 0, NULL, NULL, 296, 308, 1772914542, NULL, NULL, NULL, NULL, NULL, NULL, NULL, NULL, NULL, NULL, 264.3, 0, 0, 0, 0, 0, 0, 0.98, 0.0),
(76, 13, 1, 3, 1406492, 463536, 174025, 161438, 128073, NULL, NULL, NULL, NULL, NULL, NULL, NULL, NULL, 0.88, 1, 0, NULL, NULL, 296, 311, 1772915006, NULL, NULL, NULL, NULL, NULL, NULL, NULL, NULL, NULL, NULL, 259.8, 0, 0, 0, 0, 0, 0, 0.973, 0.0),
(77, 13, 2, 4, 1876212, 469720, 174051, 163750, 131919, NULL, NULL, NULL, NULL, NULL, NULL, NULL, NULL, 0.91, 0, 0, NULL, NULL, 293, 308, 1772915476, NULL, NULL, NULL, NULL, NULL, NULL, NULL, NULL, NULL, NULL, 262.4, 0, 0, 0, 3, 0, 0, 0.988, 0.0),
(78, 13, 1, 5, 2346514, 470302, 175967, 167804, 126531, NULL, NULL, NULL, NULL, NULL, NULL, NULL, NULL, 0.55, 1, 0, NULL, NULL, 294, 311, 1772915946, NULL, NULL, NULL, NULL, NULL, NULL, NULL, NULL, NULL, NULL, 264.7, 0, 0, 0, 0, 0, 0, 0.973, 0.0),
(79, 14, 1, 1, 507735, 499468, 184850, 171442, 143176, NULL, NULL, NULL, NULL, NULL, NULL, NULL, NULL, 0.81, 1, 0, NULL, NULL, 293, 310, 1773065307, NULL, NULL, NULL, NULL, NULL, NULL, NULL, NULL, NULL, NULL, 202.8, 0, 0, 0, 0, 0, 0, 0.971, 0.0),
(80, 14, 2, 2, 998784, 491049, 183378, 169087, 138584, NULL, NULL, NULL, NULL, NULL, NULL, NULL, NULL, 0.53, 0, 0, NULL, NULL, 298, 310, 1773065798, NULL, NULL, NULL, NULL, NULL, NULL, NULL, NULL, NULL, NULL, 203.7, 0, 0, 0, 3, 0, 0, 0.961, 0.0),
(81, 14, 1, 3, 1482617, 483833, 177301, 172072, 134460, NULL, NULL, NULL, NULL, NULL, NULL, NULL, NULL, 0.52, 1, 0, NULL, NULL, 296, 305, 1773066282, NULL, NULL, NULL, NULL, NULL, NULL, NULL, NULL, NULL, NULL, 201.9, 0, 0, 0, 0, 0, 0, 0.996, 0.0),
(82, 14, 1, 4, 1951294, 468677, 172345, 163692, 132640, NULL, NULL, NULL, NULL, NULL, NULL, NULL, NULL, 0.81, 1, 0, NULL, NULL, 294, 305, 1773066751, NULL, NULL, NULL, NULL, NULL, NULL, NULL, NULL, NULL, NULL, 195.8, 0, 0, 0, 0, 0, 0, 0.995, 0.0),
(83, 14, 2, 5, 2432077, 480783, 178408, 169686, 132689, NULL, NULL, NULL, NULL, NULL, NULL, NULL, NULL, 0.64, 1, 0, NULL, NULL, 298, 303, 1773067232, NULL, NULL, NULL, NULL, NULL, NULL, NULL, NULL, NULL, NULL, 204.0, 0, 0, 0, 0, 0, 0, 0.979, 0.0),
(84, 14, 2, 6, 2907430, 475353, 172968, 166664, 135721, NULL, NULL, NULL, NULL, NULL, NULL, NULL, NULL, 0.74, 0, 0, NULL, NULL, 296, 307, 1773067707, NULL, NULL, NULL, NULL, NULL, NULL, NULL, NULL, NULL, NULL, 197.0, 0, 0, 0, 3, 0, 0, 0.975, 0.0),
(85, 15, 1, 1, 546020, 528524, 196350, 183707, 148467, NULL, NULL, NULL, NULL, NULL, NULL, NULL, NULL, 0.89, 0, 0, NULL, NULL, 297, 310, 1773065346, NULL, NULL, NULL, NULL, NULL, NULL, NULL, NULL, NULL, NULL, 263.3, 0, 0, 0, 2, 2, 0, 0.996, 0.0),
(86, 15, 1, 2, 1066101, 520081, 193554, 184957, 141570, NULL, NULL, NULL, NULL, NULL, NULL, NULL, NULL, 0.65, 1, 0, NULL, NULL, 298, 304, 1773065866, NULL, NULL, NULL, NULL, NULL, NULL, NULL, NULL, NULL, NULL, 264.0, 0, 0, 0, 0, 0, 0, 0.986, 0.0),
(87, 15, 2, 3, 1599990, 533889, 193861, 187871, 152157, NULL, NULL, NULL, NULL, NULL, NULL, NULL, NULL, 0.77, 1, 0, NULL, NULL, 298, 309, 1773066399, NULL, NULL, NULL, NULL, NULL, NULL, NULL, NULL, NULL, NULL, 256.8, 0, 0, 0, 0, 0, 0, 0.965, 0.0),
(88, 15, 2, 4, 2128966, 528976, 196155, 185549, 147272, NULL, NULL, NULL, NULL, NULL, NULL, NULL, NULL, 0.54, 0, 0, NULL, NULL, 295, 308, 1773066928, NULL, NULL, NULL, NULL, NULL, NULL, NULL, NULL, NULL, NULL, 263.0, 0, 0, 0, 1, 0, 0, 0.979, 0.0),
(89, 15, 2, 5, 2648751, 519785, 195520, 183826, 140439, NULL, NULL, NULL, NULL, NULL, NULL, NULL, NULL, 0.73, 1, 0, NULL, NULL, 293, 309, 1773067448, NULL, NULL, NULL, NULL, NULL, NULL, NULL, NULL, NULL, NULL, 255.1, 0, 0, 0, 0, 0, 0, 0.981, 0.0),
(90, 16, 1, 1, 541724, 512181, 190504, 178799, 142878, NULL, NULL, NULL, NULL, NULL, NULL, NULL, NULL, 0.66, 1, 0, NULL, NULL, 296, 303, 1773065341, NULL, NULL, NULL, NULL, NULL, NULL, NULL, NULL, NULL, NULL, 211.2, 0, 0, 0, 0, 0, 0, 0.998, 0.0),
(91, 16, 2, 2, 1051231, 509507, 190052, 175278, 144177, NULL, NULL, NULL, NULL, NULL, NULL, NULL, NULL, 1.0, 1, 0, NULL, NULL, 293, 305, 1773065851, NULL, NULL, NULL, NULL, NULL, NULL, NULL, NULL, NULL, NULL, 205.5, 0, 0, 0, 0, 0, 0, 0.961, 0.0),
(92, 16, 2, 3, 1553841, 502610, 183042, 174318, 145250, NULL, NULL, NULL, NULL, NULL, NULL, NULL, NULL, 0.92, 0, 0, NULL, NULL, 297, 305, 1773066353, NULL, NULL, NULL, NULL, NULL, NULL, NULL, NULL, NULL, NULL, 213.9, 0, 0, 0, 1, 0, 0, 0.986, 0.0),
(93, 16, 1, 4, 2075587, 521746, 196878, 181250, 143618, NULL, NULL, NULL, NULL, NULL, NULL, NULL, NULL, 0.95, 1, 0, NULL, NULL, 295, 304, 1773066875, NULL, NULL, NULL, NULL, NULL, NULL, NULL, NULL, NULL, NULL, 214.8, 0, 0, 0, 0, 0, 0, 0.975, 0.0),
(94, 16, 2, 5, 2594093, 518506, 188507, 181109, 148890, NULL, NULL, NULL, NULL, NULL, NULL, NULL, NULL, 0.99, 1, 0, NULL, NULL, 293, 313, 1773067394, NULL, NULL, NULL, NULL, NULL, NULL, NULL, NULL, NULL, NULL, 207.1, 0, 0, 0, 0, 0, 0, 0.986, 0.0),
(95, 16, 1, 6, 3092407, 498314, 187134, 173653, 137527, NULL, NULL, NULL, NULL, NULL, NULL, NULL, NULL, 0.62, 1, 0, NULL, NULL, 297, 306, 1773067892, NULL, NULL, NULL, NULL, NULL, NULL, NULL, NULL, NULL, NULL, 210.9, 0, 0, 0, 0, 0, 0, 0.993, 0.0),
(96, 16, 1, 7, 3597077, 504670, 189453, 177984, 137233, NULL, NULL, NULL, NULL, NULL, NULL, NULL, NULL, 0.93, 1, 0, NULL, NULL, 297, 307, 1773068397, NULL, NULL, NULL, NULL, NULL, NULL, NULL, NULL, NULL, NULL, 213.0, 0, 0, 0, 0, 0, 0, 0.964, 0.0),
(97, 17, 2, 1, 568963, 563477, 208215, 198095, 157167, NULL, NULL, NULL, NULL, NULL, NULL, NULL, NULL, 0.89, 1, 0, NULL, NULL, 297, 304, 1773065368, NULL, NULL, NULL, NULL, NULL, NULL, NULL, NULL, NULL, NULL, 222.5, 0, 0, 0, 0, 0, 0, 0.979, 0.0),
(98, 17, 2, 2, 1142598, 573635, 209786, 200459, 163390, NULL, NULL, NULL, NULL, NULL, NULL, NULL, NULL, 0.74, 1, 0, NULL, NULL, 296, 313, 1773065942, NULL, NULL, NULL, NULL, NULL, NULL, NULL, NULL, NULL, NULL, 224.6, 0, 0, 0, 0, 0, 1, 0.962, 0.0),
(99, 17, 1, 3, 1708918, 566320, 212332, 199868, 154120, NULL, NULL, NULL, NULL, NULL, NULL, NULL, NULL, 0.81, 1, 0, NULL, NULL, 295, 312, 1773066508, NULL, NULL, NULL, NULL, NULL, NULL, NULL, NULL, NULL, NULL, 216.5, 0, 0, 0, 0, 0, 0, 0.965, 0.0),
(100, 17, 1, 4, 2270229, 561311, 209772, 197422, 154117, NULL, NULL, NULL, NULL, NULL, NULL, NULL, NULL, 0.88, 1, 0, NULL, NULL, 298, 304, 1773067070, NULL, NULL, NULL, NULL, NULL, NULL, NULL, NULL, NULL, NULL, 223.5, 0, 0, 0, 0, 0, 0, 0.986, 0.0),
(101, 17, 2, 5, 2824320, 554091, 207959, 193752, 152380, NULL, NULL, NULL, NULL, NULL, NULL, NULL, NULL, 0.63, 0, 0, NULL, NULL, 298, 304, 1773067624, NULL, NULL, NULL, NULL, NULL, NULL, NULL, NULL, NULL, NULL, 218.1, 0, 0, 0, 2, 0, 0, 0.973, 0.0),
(102, 18, 2, 1, 503586, 476081, 173176, 164043, 138862, NULL, NULL, NULL, NULL, NULL, NULL, NULL, NULL, 0.78, 1, 0, NULL, NULL, 294, 311, 1773065303, NULL, NULL, NULL, NULL, NULL, NULL, NULL, NULL, NULL, NULL, 235.6, 0, 0, 0, 0, 0, 0, 0.998, 0.0),
(103, 18, 2, 2, 956596, 453010, 167626, 158278, 127106, NULL, NULL, NULL, NULL, NULL, NULL, NULL, NULL, 0.61, 0, 0, NULL, NULL, 297, 307, 1773065756, NULL, NULL, NULL, NULL, NULL, NULL, NULL, NULL, NULL, NULL, 238.5, 0, 0, 0, 2, 0, 0, 0.983, 0.0),
(104, 18, 2, 3, 1433196, 476600, 174653, 164360, 137587, NULL, NULL, NULL, NULL, NULL, NULL, NULL, NULL, 0.99, 1, 0, NULL, NULL, 297, 306, 1773066233, NULL, NULL, NULL, NULL, NULL, NULL, NULL, NULL, NULL, NULL, 243.1, 0, 0, 0, 0, 0, 0, 0.994, 0.0),
(105, 18, 2, 4, 1879916, 446720, 166969, 158613, 121138, NULL, NULL, NULL, NULL, NULL, NULL, NULL, NULL, 0.78, 1, 0, NULL, NULL, 295, 308, 1773066679, NULL, NULL, NULL, NULL, NULL, NULL, NULL, NULL, NULL, NULL, 235.1, 0, 0, 0, 0, 0, 0, 0.995, 0.0),
(106, 18, 1, 5, 2351181, 471265, 171451, 162806, 137008, NULL, NULL, NULL, NULL, NULL, NULL, NULL, NULL, 0.66, 1, 0, NULL, NULL, 296, 309, 1773067151, NULL, NULL, NULL, NULL, NULL, NULL, NULL, NULL, NULL, NULL, 239.5, 0, 0, 0, 0, 0, 0, 0.966, 0.0);

COMMIT;
