-- stracker testdata: GT3 Series (Spa)
-- Generert 2026-03-11
BEGIN TRANSACTION;

INSERT INTO Players (PlayerId, SteamGuid, Name, ArtInt) VALUES
(1, '76561100000000001', 'Ansen', 0),
(2, '76561100000000002', 'Bjørnar', 0),
(3, '76561100000000003', 'Christoffer', 0),
(4, '76561100000000004', 'Dagfinn', 0),
(5, '76561100000000005', 'Erik', 0),
(6, '76561100000000006', 'Frida', 0),
(7, '76561100000000007', 'Gunhild', 0),
(8, '76561100000000008', 'Henrik', 0);

INSERT INTO Tracks (TrackId, Track, UiTrackName, Length) VALUES
(1, 'spa-2022', 'Spa-Francorchamps', 7004.0);

INSERT INTO Cars (CarId, Car, UiCarName, Brand) VALUES
(1, 'ks_audi_r8_lms', 'Audi R8 LMS', 'Audi'),
(2, 'ks_audi_r8_lms_2016', 'Audi R8 LMS 2016', 'Audi'),
(3, 'ks_ferrari_488_gt3', 'Ferrari 488 GT3', 'Ferrari'),
(4, 'ks_lamborghini_huracan_gt3', 'Lamborghini Huracan GT3', 'Lamborghini'),
(5, 'ks_mclaren_650_gt3', 'McLaren 650S GT3', 'McLaren'),
(6, 'ks_mercedes_amg_gt3', 'Mercedes AMG GT3', 'Mercedes'),
(7, 'ks_nissan_gtr_gt3', 'Nissan GT-R GT3', 'Nissan'),
(8, 'ks_porsche_911_gt3_r_2016', 'Porsche 911 GT3 R', 'Porsche'),
(9, 'bmw_z4_gt3', 'BMW Z4 GT3', 'BMW'),
(10, 'mercedes_sls_gt3', 'Mercedes SLS GT3', 'Mercedes');

INSERT INTO TyreCompounds (TyreCompoundId, TyreCompound) VALUES
(1, 'DHF');

INSERT INTO Session (SessionId, TrackId, SessionType, Multiplayer, NumberOfLaps, Duration, ServerIpPort, StartTimeDate, EndTimeDate, PenaltiesEnabled, AllowedTyresOut, TyreWearFactor, FuelRate, Damage) VALUES
(1, 1, 'Qualify', 1, 0, 8, '46.225.176.106:9620', 1772740800, 1772741400, 1, 2, 1.0, 1.0, 1.0),
(2, 1, 'Race', 1, 8, 0, '46.225.176.106:9620', 1772741520, 1772742900, 1, 2, 1.0, 1.0, 1.0),
(3, 1, 'Qualify', 1, 0, 8, '46.225.176.106:9620', 1773000000, 1773000600, 1, 2, 1.0, 1.0, 1.0),
(4, 1, 'Race', 1, 8, 0, '46.225.176.106:9620', 1773000720, 1773002100, 1, 2, 1.0, 1.0, 1.0);

INSERT INTO PlayerInSession (PlayerInSessionId, SessionId, PlayerId, ACVersion, PTVersion, TrackChecksum, CarChecksum, CarId, FinishPosition, RaceFinished) VALUES
(1, 1, 1, '1.16.4', '0.0.54', NULL, NULL, 3, 1000, 0),
(2, 1, 2, '1.16.4', '0.0.54', NULL, NULL, 6, 1000, 0),
(3, 1, 3, '1.16.4', '0.0.54', NULL, NULL, 9, 1000, 0),
(4, 1, 4, '1.16.4', '0.0.54', NULL, NULL, 2, 1000, 0),
(5, 1, 5, '1.16.4', '0.0.54', NULL, NULL, 5, 1000, 0),
(6, 1, 6, '1.16.4', '0.0.54', NULL, NULL, 4, 1000, 0),
(7, 1, 7, '1.16.4', '0.0.54', NULL, NULL, 10, 1000, 0),
(8, 1, 8, '1.16.4', '0.0.54', NULL, NULL, 8, 1000, 0),
(9, 2, 1, '1.16.4', '0.0.54', NULL, NULL, 3, 3, 1),
(10, 2, 2, '1.16.4', '0.0.54', NULL, NULL, 6, 4, 1),
(11, 2, 3, '1.16.4', '0.0.54', NULL, NULL, 9, 6, 1),
(12, 2, 4, '1.16.4', '0.0.54', NULL, NULL, 2, 2, 1),
(13, 2, 5, '1.16.4', '0.0.54', NULL, NULL, 5, 7, 1),
(14, 2, 6, '1.16.4', '0.0.54', NULL, NULL, 4, 5, 1),
(15, 2, 7, '1.16.4', '0.0.54', NULL, NULL, 10, 8, 1),
(16, 2, 8, '1.16.4', '0.0.54', NULL, NULL, 8, 1, 1),
(17, 3, 1, '1.16.4', '0.0.54', NULL, NULL, 3, 1000, 0),
(18, 3, 2, '1.16.4', '0.0.54', NULL, NULL, 6, 1000, 0),
(19, 3, 3, '1.16.4', '0.0.54', NULL, NULL, 9, 1000, 0),
(20, 3, 4, '1.16.4', '0.0.54', NULL, NULL, 2, 1000, 0),
(21, 3, 5, '1.16.4', '0.0.54', NULL, NULL, 5, 1000, 0),
(22, 3, 6, '1.16.4', '0.0.54', NULL, NULL, 4, 1000, 0),
(23, 3, 7, '1.16.4', '0.0.54', NULL, NULL, 10, 1000, 0),
(24, 3, 8, '1.16.4', '0.0.54', NULL, NULL, 8, 1000, 0),
(25, 4, 1, '1.16.4', '0.0.54', NULL, NULL, 3, 3, 1),
(26, 4, 2, '1.16.4', '0.0.54', NULL, NULL, 6, 4, 1),
(27, 4, 3, '1.16.4', '0.0.54', NULL, NULL, 9, 6, 1),
(28, 4, 4, '1.16.4', '0.0.54', NULL, NULL, 2, 3, 1),
(29, 4, 5, '1.16.4', '0.0.54', NULL, NULL, 5, 6, 1),
(30, 4, 6, '1.16.4', '0.0.54', NULL, NULL, 4, 4, 1),
(31, 4, 7, '1.16.4', '0.0.54', NULL, NULL, 10, 8, 1),
(32, 4, 8, '1.16.4', '0.0.54', NULL, NULL, 8, 1, 1);

INSERT INTO Lap (LapId, PlayerInSessionId, TyreCompoundId, LapCount, SessionTime, LapTime, SectorTime0, SectorTime1, SectorTime2, SectorTime3, SectorTime4, SectorTime5, SectorTime6, SectorTime7, SectorTime8, SectorTime9, HistoryInfo, FuelRatio, Valid, SectorsAreSoftSplits, MaxABS, MaxTC, TemperatureAmbient, TemperatureTrack, Timestamp, AidABS, AidTC, AidAutoBlib, AidAutoBrake, AidAutoClutch, AidAutoShift, AidIdealLine, AidStabilityControl, AidSlipStream, AidTyreBlankets, MaxSpeed_KMH, TimeInPitLane, TimeInPit, ESCPressed, Cuts, CollisionsCar, CollisionsEnv, GripLevel, Ballast) VALUES
(1, 1, 1, 1, 158980, 144606, 50696, 55259, 38651, NULL, NULL, NULL, NULL, NULL, NULL, NULL, NULL, 0.8, 0, 0, NULL, NULL, 293, 305, 1772740958, NULL, NULL, NULL, NULL, NULL, NULL, NULL, NULL, NULL, NULL, 277.8, 0, 0, 0, 2, 0, 0, 0.966, 0.0),
(2, 1, 1, 2, 302162, 143182, 49933, 53479, 39770, NULL, NULL, NULL, NULL, NULL, NULL, NULL, NULL, 0.51, 1, 0, NULL, NULL, 298, 310, 1772741102, NULL, NULL, NULL, NULL, NULL, NULL, NULL, NULL, NULL, NULL, 284.2, 0, 0, 0, 0, 0, 0, 0.996, 0.0),
(3, 1, 1, 3, 446358, 144196, 51084, 54940, 38172, NULL, NULL, NULL, NULL, NULL, NULL, NULL, NULL, 0.89, 1, 0, NULL, NULL, 294, 305, 1772741246, NULL, NULL, NULL, NULL, NULL, NULL, NULL, NULL, NULL, NULL, 278.0, 0, 0, 0, 0, 0, 0, 0.99, 0.0),
(4, 2, 1, 1, 159298, 145470, 50749, 54538, 40183, NULL, NULL, NULL, NULL, NULL, NULL, NULL, NULL, 0.58, 1, 0, NULL, NULL, 297, 308, 1772740959, NULL, NULL, NULL, NULL, NULL, NULL, NULL, NULL, NULL, NULL, 277.2, 0, 0, 0, 0, 0, 0, 0.981, 0.0),
(5, 2, 1, 2, 301346, 142048, 50175, 54974, 36899, NULL, NULL, NULL, NULL, NULL, NULL, NULL, NULL, 0.53, 1, 0, NULL, NULL, 294, 306, 1772741101, NULL, NULL, NULL, NULL, NULL, NULL, NULL, NULL, NULL, NULL, 277.8, 0, 0, 0, 0, 0, 0, 0.968, 0.0),
(6, 2, 1, 3, 441116, 139770, 48875, 52257, 38638, NULL, NULL, NULL, NULL, NULL, NULL, NULL, NULL, 0.52, 0, 0, NULL, NULL, 297, 309, 1772741241, NULL, NULL, NULL, NULL, NULL, NULL, NULL, NULL, NULL, NULL, 275.4, 0, 0, 0, 3, 0, 0, 0.965, 0.0),
(7, 2, 1, 4, 583667, 142551, 49896, 54913, 37742, NULL, NULL, NULL, NULL, NULL, NULL, NULL, NULL, 0.92, 1, 0, NULL, NULL, 295, 305, 1772741383, NULL, NULL, NULL, NULL, NULL, NULL, NULL, NULL, NULL, NULL, 277.4, 0, 0, 0, 0, 0, 0, 0.97, 0.0),
(8, 3, 1, 1, 157065, 142724, 49745, 53354, 39625, NULL, NULL, NULL, NULL, NULL, NULL, NULL, NULL, 0.7, 1, 0, NULL, NULL, 298, 306, 1772740957, NULL, NULL, NULL, NULL, NULL, NULL, NULL, NULL, NULL, NULL, 269.8, 0, 0, 0, 0, 0, 0, 0.971, 0.0),
(9, 3, 1, 2, 299729, 142664, 50704, 53164, 38796, NULL, NULL, NULL, NULL, NULL, NULL, NULL, NULL, 0.86, 1, 0, NULL, NULL, 294, 307, 1772741099, NULL, NULL, NULL, NULL, NULL, NULL, NULL, NULL, NULL, NULL, 269.1, 0, 0, 0, 0, 0, 0, 0.998, 0.0),
(10, 3, 1, 3, 448040, 148311, 51997, 56966, 39348, NULL, NULL, NULL, NULL, NULL, NULL, NULL, NULL, 0.55, 0, 0, NULL, NULL, 298, 311, 1772741248, NULL, NULL, NULL, NULL, NULL, NULL, NULL, NULL, NULL, NULL, 271.2, 0, 0, 0, 2, 0, 0, 0.976, 0.0),
(11, 4, 1, 1, 171121, 144417, 51262, 55313, 37842, NULL, NULL, NULL, NULL, NULL, NULL, NULL, NULL, 0.66, 1, 0, NULL, NULL, 296, 304, 1772740971, NULL, NULL, NULL, NULL, NULL, NULL, NULL, NULL, NULL, NULL, 273.4, 0, 0, 0, 0, 0, 0, 0.971, 0.0),
(12, 4, 1, 2, 309889, 138768, 48131, 52900, 37737, NULL, NULL, NULL, NULL, NULL, NULL, NULL, NULL, 0.86, 1, 0, NULL, NULL, 297, 309, 1772741109, NULL, NULL, NULL, NULL, NULL, NULL, NULL, NULL, NULL, NULL, 276.6, 0, 0, 0, 0, 0, 0, 0.987, 0.0),
(13, 4, 1, 3, 451758, 141869, 49679, 54042, 38148, NULL, NULL, NULL, NULL, NULL, NULL, NULL, NULL, 0.86, 1, 0, NULL, NULL, 297, 312, 1772741251, NULL, NULL, NULL, NULL, NULL, NULL, NULL, NULL, NULL, NULL, 278.2, 0, 0, 0, 0, 0, 0, 0.974, 0.0),
(14, 4, 1, 4, 593880, 142122, 49842, 54874, 37406, NULL, NULL, NULL, NULL, NULL, NULL, NULL, NULL, 0.56, 0, 0, NULL, NULL, 298, 311, 1772741393, NULL, NULL, NULL, NULL, NULL, NULL, NULL, NULL, NULL, NULL, 271.8, 0, 0, 0, 3, 0, 0, 0.964, 0.0),
(15, 4, 1, 5, 732498, 138618, 49031, 52370, 37217, NULL, NULL, NULL, NULL, NULL, NULL, NULL, NULL, 0.69, 0, 0, NULL, NULL, 298, 307, 1772741532, NULL, NULL, NULL, NULL, NULL, NULL, NULL, NULL, NULL, NULL, 274.2, 0, 0, 0, 2, 0, 0, 0.995, 0.0),
(16, 5, 1, 1, 162934, 148299, 51348, 57153, 39798, NULL, NULL, NULL, NULL, NULL, NULL, NULL, NULL, 0.69, 1, 0, NULL, NULL, 296, 306, 1772740962, NULL, NULL, NULL, NULL, NULL, NULL, NULL, NULL, NULL, NULL, 276.0, 0, 0, 0, 0, 0, 0, 0.995, 0.0),
(17, 5, 1, 2, 309878, 146944, 52094, 54943, 39907, NULL, NULL, NULL, NULL, NULL, NULL, NULL, NULL, 0.59, 0, 0, NULL, NULL, 297, 310, 1772741109, NULL, NULL, NULL, NULL, NULL, NULL, NULL, NULL, NULL, NULL, 272.4, 0, 0, 0, 1, 0, 0, 0.994, 0.0),
(18, 5, 1, 3, 455040, 145162, 50788, 55420, 38954, NULL, NULL, NULL, NULL, NULL, NULL, NULL, NULL, 0.79, 1, 0, NULL, NULL, 296, 307, 1772741255, NULL, NULL, NULL, NULL, NULL, NULL, NULL, NULL, NULL, NULL, 273.1, 0, 0, 0, 0, 0, 0, 0.991, 0.0),
(19, 5, 1, 4, 600837, 145797, 51010, 54654, 40133, NULL, NULL, NULL, NULL, NULL, NULL, NULL, NULL, 0.87, 1, 0, NULL, NULL, 296, 309, 1772741400, NULL, NULL, NULL, NULL, NULL, NULL, NULL, NULL, NULL, NULL, 271.0, 0, 0, 0, 0, 0, 0, 0.981, 0.0),
(20, 5, 1, 5, 753119, 152282, 52290, 58029, 41963, NULL, NULL, NULL, NULL, NULL, NULL, NULL, NULL, 0.66, 1, 0, NULL, NULL, 298, 306, 1772741553, NULL, NULL, NULL, NULL, NULL, NULL, NULL, NULL, NULL, NULL, 273.3, 0, 0, 0, 0, 0, 1, 0.995, 0.0),
(21, 6, 1, 1, 162191, 144623, 50811, 55110, 38702, NULL, NULL, NULL, NULL, NULL, NULL, NULL, NULL, 0.94, 1, 0, NULL, NULL, 296, 311, 1772740962, NULL, NULL, NULL, NULL, NULL, NULL, NULL, NULL, NULL, NULL, 279.0, 0, 0, 0, 0, 0, 0, 0.974, 0.0),
(22, 6, 1, 2, 303787, 141596, 49268, 54737, 37591, NULL, NULL, NULL, NULL, NULL, NULL, NULL, NULL, 0.61, 1, 0, NULL, NULL, 293, 306, 1772741103, NULL, NULL, NULL, NULL, NULL, NULL, NULL, NULL, NULL, NULL, 275.2, 0, 0, 0, 0, 0, 0, 0.999, 0.0),
(23, 6, 1, 3, 444466, 140679, 49460, 54455, 36764, NULL, NULL, NULL, NULL, NULL, NULL, NULL, NULL, 0.52, 1, 0, NULL, NULL, 296, 313, 1772741244, NULL, NULL, NULL, NULL, NULL, NULL, NULL, NULL, NULL, NULL, 275.6, 0, 0, 0, 0, 0, 0, 0.981, 0.0),
(24, 7, 1, 1, 174076, 147385, 50633, 55083, 41669, NULL, NULL, NULL, NULL, NULL, NULL, NULL, NULL, 0.5, 1, 0, NULL, NULL, 296, 305, 1772740974, NULL, NULL, NULL, NULL, NULL, NULL, NULL, NULL, NULL, NULL, 268.1, 0, 0, 0, 0, 0, 0, 0.987, 0.0),
(25, 7, 1, 2, 324023, 149947, 51845, 57971, 40131, NULL, NULL, NULL, NULL, NULL, NULL, NULL, NULL, 0.55, 1, 0, NULL, NULL, 297, 312, 1772741124, NULL, NULL, NULL, NULL, NULL, NULL, NULL, NULL, NULL, NULL, 267.2, 0, 0, 0, 0, 0, 0, 0.965, 0.0),
(26, 7, 1, 3, 472150, 148127, 51626, 56240, 40261, NULL, NULL, NULL, NULL, NULL, NULL, NULL, NULL, 0.6, 1, 0, NULL, NULL, 295, 305, 1772741272, NULL, NULL, NULL, NULL, NULL, NULL, NULL, NULL, NULL, NULL, 266.4, 0, 0, 0, 0, 0, 0, 0.98, 0.0),
(27, 8, 1, 1, 153254, 137421, 47141, 51227, 39053, NULL, NULL, NULL, NULL, NULL, NULL, NULL, NULL, 0.86, 1, 0, NULL, NULL, 294, 304, 1772740953, NULL, NULL, NULL, NULL, NULL, NULL, NULL, NULL, NULL, NULL, 284.8, 0, 0, 0, 0, 0, 0, 0.963, 0.0),
(28, 8, 1, 2, 296165, 142911, 49542, 54166, 39203, NULL, NULL, NULL, NULL, NULL, NULL, NULL, NULL, 0.68, 1, 0, NULL, NULL, 293, 305, 1772741096, NULL, NULL, NULL, NULL, NULL, NULL, NULL, NULL, NULL, NULL, 285.7, 0, 0, 0, 0, 0, 0, 0.994, 0.0),
(29, 8, 1, 3, 437209, 141044, 49018, 54269, 37757, NULL, NULL, NULL, NULL, NULL, NULL, NULL, NULL, 0.68, 1, 0, NULL, NULL, 293, 305, 1772741237, NULL, NULL, NULL, NULL, NULL, NULL, NULL, NULL, NULL, NULL, 283.6, 0, 0, 0, 0, 0, 0, 0.967, 0.0),
(30, 8, 1, 4, 576294, 139085, 48979, 52893, 37213, NULL, NULL, NULL, NULL, NULL, NULL, NULL, NULL, 0.69, 0, 0, NULL, NULL, 296, 309, 1772741376, NULL, NULL, NULL, NULL, NULL, NULL, NULL, NULL, NULL, NULL, 286.6, 0, 0, 0, 1, 0, 0, 0.971, 0.0),
(31, 9, 1, 1, 164723, 144052, 50273, 54328, 39451, NULL, NULL, NULL, NULL, NULL, NULL, NULL, NULL, 0.78, 1, 0, NULL, NULL, 293, 309, 1772741684, NULL, NULL, NULL, NULL, NULL, NULL, NULL, NULL, NULL, NULL, 284.1, 0, 0, 0, 0, 0, 0, 0.979, 0.0),
(32, 9, 1, 2, 305812, 141089, 48765, 54096, 38228, NULL, NULL, NULL, NULL, NULL, NULL, NULL, NULL, 0.52, 1, 0, NULL, NULL, 296, 310, 1772741825, NULL, NULL, NULL, NULL, NULL, NULL, NULL, NULL, NULL, NULL, 276.1, 0, 0, 0, 0, 0, 0, 0.976, 0.0),
(33, 9, 1, 3, 445455, 139643, 49239, 53290, 37114, NULL, NULL, NULL, NULL, NULL, NULL, NULL, NULL, 0.81, 1, 0, NULL, NULL, 298, 308, 1772741965, NULL, NULL, NULL, NULL, NULL, NULL, NULL, NULL, NULL, NULL, 280.2, 0, 0, 0, 0, 0, 0, 0.988, 0.0),
(34, 9, 1, 4, 586500, 141045, 49733, 53544, 37768, NULL, NULL, NULL, NULL, NULL, NULL, NULL, NULL, 0.58, 1, 0, NULL, NULL, 297, 312, 1772742106, NULL, NULL, NULL, NULL, NULL, NULL, NULL, NULL, NULL, NULL, 275.5, 0, 0, 0, 0, 0, 0, 0.986, 0.0),
(35, 9, 1, 5, 730953, 144453, 50508, 55825, 38120, NULL, NULL, NULL, NULL, NULL, NULL, NULL, NULL, 0.69, 0, 0, NULL, NULL, 295, 303, 1772742250, NULL, NULL, NULL, NULL, NULL, NULL, NULL, NULL, NULL, NULL, 280.1, 0, 0, 0, 1, 0, 0, 0.982, 0.0),
(36, 9, 1, 6, 875146, 144193, 49939, 54020, 40234, NULL, NULL, NULL, NULL, NULL, NULL, NULL, NULL, 0.83, 1, 0, NULL, NULL, 296, 308, 1772742395, NULL, NULL, NULL, NULL, NULL, NULL, NULL, NULL, NULL, NULL, 276.2, 0, 0, 0, 0, 0, 0, 0.98, 0.0),
(37, 9, 1, 7, 1013486, 138340, 48277, 53206, 36857, NULL, NULL, NULL, NULL, NULL, NULL, NULL, NULL, 0.98, 1, 0, NULL, NULL, 297, 311, 1772742533, NULL, NULL, NULL, NULL, NULL, NULL, NULL, NULL, NULL, NULL, 277.1, 0, 0, 0, 0, 0, 0, 0.987, 0.0),
(38, 9, 1, 8, 1153962, 140476, 49873, 52535, 38068, NULL, NULL, NULL, NULL, NULL, NULL, NULL, NULL, 0.55, 1, 0, NULL, NULL, 298, 313, 1772742673, NULL, NULL, NULL, NULL, NULL, NULL, NULL, NULL, NULL, NULL, 278.6, 0, 0, 0, 0, 0, 0, 0.978, 0.0),
(39, 10, 1, 1, 167907, 141316, 48475, 54024, 38817, NULL, NULL, NULL, NULL, NULL, NULL, NULL, NULL, 0.57, 1, 0, NULL, NULL, 298, 304, 1772741687, NULL, NULL, NULL, NULL, NULL, NULL, NULL, NULL, NULL, NULL, 269.5, 0, 0, 0, 0, 0, 0, 0.967, 0.0),
(40, 10, 1, 2, 313279, 145372, 51383, 55813, 38176, NULL, NULL, NULL, NULL, NULL, NULL, NULL, NULL, 0.67, 1, 0, NULL, NULL, 294, 310, 1772741833, NULL, NULL, NULL, NULL, NULL, NULL, NULL, NULL, NULL, NULL, 277.2, 0, 0, 0, 0, 0, 0, 0.968, 0.0),
(41, 10, 1, 3, 458981, 145702, 50824, 54449, 40429, NULL, NULL, NULL, NULL, NULL, NULL, NULL, NULL, 0.98, 0, 0, NULL, NULL, 296, 313, 1772741978, NULL, NULL, NULL, NULL, NULL, NULL, NULL, NULL, NULL, NULL, 274.9, 0, 0, 0, 3, 0, 0, 0.98, 0.0),
(42, 10, 1, 4, 598516, 139535, 48947, 52161, 38427, NULL, NULL, NULL, NULL, NULL, NULL, NULL, NULL, 0.55, 1, 0, NULL, NULL, 298, 312, 1772742118, NULL, NULL, NULL, NULL, NULL, NULL, NULL, NULL, NULL, NULL, 270.7, 0, 0, 0, 0, 0, 0, 0.993, 0.0),
(43, 10, 1, 5, 743402, 144886, 50925, 55273, 38688, NULL, NULL, NULL, NULL, NULL, NULL, NULL, NULL, 0.73, 1, 0, NULL, NULL, 295, 309, 1772742263, NULL, NULL, NULL, NULL, NULL, NULL, NULL, NULL, NULL, NULL, 278.6, 0, 0, 0, 0, 0, 0, 0.999, 0.0),
(44, 10, 1, 6, 883994, 140592, 48505, 54046, 38041, NULL, NULL, NULL, NULL, NULL, NULL, NULL, NULL, 0.81, 1, 0, NULL, NULL, 298, 311, 1772742403, NULL, NULL, NULL, NULL, NULL, NULL, NULL, NULL, NULL, NULL, 275.3, 0, 0, 0, 0, 0, 0, 0.968, 0.0),
(45, 10, 1, 7, 1025874, 141880, 50071, 54250, 37559, NULL, NULL, NULL, NULL, NULL, NULL, NULL, NULL, 0.56, 0, 0, NULL, NULL, 297, 311, 1772742545, NULL, NULL, NULL, NULL, NULL, NULL, NULL, NULL, NULL, NULL, 275.9, 0, 0, 0, 1, 0, 0, 0.973, 0.0),
(46, 10, 1, 8, 1168259, 142385, 49989, 54991, 37405, NULL, NULL, NULL, NULL, NULL, NULL, NULL, NULL, 0.57, 1, 0, NULL, NULL, 296, 303, 1772742688, NULL, NULL, NULL, NULL, NULL, NULL, NULL, NULL, NULL, NULL, 274.2, 0, 0, 0, 0, 0, 0, 0.961, 0.0),
(47, 11, 1, 1, 169925, 142963, 49446, 54332, 39185, NULL, NULL, NULL, NULL, NULL, NULL, NULL, NULL, 0.88, 1, 0, NULL, NULL, 294, 303, 1772741689, NULL, NULL, NULL, NULL, NULL, NULL, NULL, NULL, NULL, NULL, 269.9, 0, 0, 0, 0, 0, 0, 0.972, 0.0),
(48, 11, 1, 2, 312689, 142764, 49702, 55018, 38044, NULL, NULL, NULL, NULL, NULL, NULL, NULL, NULL, 0.89, 1, 0, NULL, NULL, 298, 313, 1772741832, NULL, NULL, NULL, NULL, NULL, NULL, NULL, NULL, NULL, NULL, 268.6, 0, 0, 0, 0, 0, 0, 0.97, 0.0),
(49, 11, 1, 3, 461732, 149043, 52300, 55696, 41047, NULL, NULL, NULL, NULL, NULL, NULL, NULL, NULL, 0.81, 0, 0, NULL, NULL, 297, 303, 1772741981, NULL, NULL, NULL, NULL, NULL, NULL, NULL, NULL, NULL, NULL, 263.1, 0, 0, 0, 2, 0, 0, 0.97, 0.0),
(50, 11, 1, 4, 610629, 148897, 52885, 56372, 39640, NULL, NULL, NULL, NULL, NULL, NULL, NULL, NULL, 0.84, 0, 0, NULL, NULL, 298, 306, 1772742130, NULL, NULL, NULL, NULL, NULL, NULL, NULL, NULL, NULL, NULL, 265.9, 0, 0, 0, 3, 0, 0, 0.967, 0.0),
(51, 11, 1, 5, 754660, 144031, 51373, 54348, 38310, NULL, NULL, NULL, NULL, NULL, NULL, NULL, NULL, 0.63, 1, 0, NULL, NULL, 297, 307, 1772742274, NULL, NULL, NULL, NULL, NULL, NULL, NULL, NULL, NULL, NULL, 264.3, 0, 0, 0, 0, 0, 1, 0.983, 0.0),
(52, 11, 1, 6, 899867, 145207, 50761, 54709, 39737, NULL, NULL, NULL, NULL, NULL, NULL, NULL, NULL, 0.85, 1, 0, NULL, NULL, 296, 312, 1772742419, NULL, NULL, NULL, NULL, NULL, NULL, NULL, NULL, NULL, NULL, 268.5, 0, 0, 0, 0, 0, 0, 0.963, 0.0),
(53, 11, 1, 7, 1046671, 146804, 51254, 55423, 40127, NULL, NULL, NULL, NULL, NULL, NULL, NULL, NULL, 0.67, 1, 0, NULL, NULL, 293, 308, 1772742566, NULL, NULL, NULL, NULL, NULL, NULL, NULL, NULL, NULL, NULL, 265.2, 0, 0, 0, 0, 0, 0, 0.969, 0.0),
(54, 11, 1, 8, 1192126, 145455, 50492, 55061, 39902, NULL, NULL, NULL, NULL, NULL, NULL, NULL, NULL, 0.82, 0, 0, NULL, NULL, 293, 313, 1772742712, NULL, NULL, NULL, NULL, NULL, NULL, NULL, NULL, NULL, NULL, 266.5, 0, 0, 0, 3, 0, 0, 0.97, 0.0),
(55, 12, 1, 1, 163850, 138497, 47585, 52890, 38022, NULL, NULL, NULL, NULL, NULL, NULL, NULL, NULL, 0.89, 1, 0, NULL, NULL, 297, 307, 1772741683, NULL, NULL, NULL, NULL, NULL, NULL, NULL, NULL, NULL, NULL, 270.2, 0, 0, 0, 0, 0, 0, 0.981, 0.0),
(56, 12, 1, 2, 304563, 140713, 49909, 54484, 36320, NULL, NULL, NULL, NULL, NULL, NULL, NULL, NULL, 0.77, 1, 0, NULL, NULL, 293, 305, 1772741824, NULL, NULL, NULL, NULL, NULL, NULL, NULL, NULL, NULL, NULL, 279.7, 0, 0, 0, 0, 1, 0, 0.991, 0.0),
(57, 12, 1, 3, 446198, 141635, 48715, 53608, 39312, NULL, NULL, NULL, NULL, NULL, NULL, NULL, NULL, 0.99, 1, 0, NULL, NULL, 293, 306, 1772741966, NULL, NULL, NULL, NULL, NULL, NULL, NULL, NULL, NULL, NULL, 275.4, 0, 0, 0, 0, 0, 0, 0.988, 0.0),
(58, 12, 1, 4, 589048, 142850, 49889, 53493, 39468, NULL, NULL, NULL, NULL, NULL, NULL, NULL, NULL, 0.63, 1, 0, NULL, NULL, 293, 304, 1772742109, NULL, NULL, NULL, NULL, NULL, NULL, NULL, NULL, NULL, NULL, 270.7, 0, 0, 0, 0, 0, 0, 0.967, 0.0),
(59, 12, 1, 5, 726125, 137077, 48194, 51980, 36903, NULL, NULL, NULL, NULL, NULL, NULL, NULL, NULL, 0.5, 0, 0, NULL, NULL, 295, 303, 1772742246, NULL, NULL, NULL, NULL, NULL, NULL, NULL, NULL, NULL, NULL, 273.9, 0, 0, 0, 2, 0, 0, 0.965, 0.0),
(60, 12, 1, 6, 868525, 142400, 50110, 53289, 39001, NULL, NULL, NULL, NULL, NULL, NULL, NULL, NULL, 0.65, 1, 0, NULL, NULL, 295, 311, 1772742388, NULL, NULL, NULL, NULL, NULL, NULL, NULL, NULL, NULL, NULL, 271.1, 0, 0, 0, 0, 0, 0, 0.991, 0.0),
(61, 12, 1, 7, 1005733, 137208, 47638, 52889, 36681, NULL, NULL, NULL, NULL, NULL, NULL, NULL, NULL, 0.9, 1, 0, NULL, NULL, 297, 306, 1772742525, NULL, NULL, NULL, NULL, NULL, NULL, NULL, NULL, NULL, NULL, 271.4, 0, 0, 0, 0, 0, 1, 0.976, 0.0),
(62, 12, 1, 8, 1146703, 140970, 48957, 53087, 38926, NULL, NULL, NULL, NULL, NULL, NULL, NULL, NULL, 0.52, 1, 0, NULL, NULL, 293, 311, 1772742666, NULL, NULL, NULL, NULL, NULL, NULL, NULL, NULL, NULL, NULL, 278.7, 0, 0, 0, 0, 0, 0, 0.966, 0.0),
(63, 13, 1, 1, 173153, 149387, 52854, 57832, 38701, NULL, NULL, NULL, NULL, NULL, NULL, NULL, NULL, 0.57, 1, 0, NULL, NULL, 294, 309, 1772741693, NULL, NULL, NULL, NULL, NULL, NULL, NULL, NULL, NULL, NULL, 280.1, 0, 0, 0, 0, 0, 0, 0.994, 0.0),
(64, 13, 1, 2, 319160, 146007, 50532, 55408, 40067, NULL, NULL, NULL, NULL, NULL, NULL, NULL, NULL, 0.84, 1, 0, NULL, NULL, 297, 310, 1772741839, NULL, NULL, NULL, NULL, NULL, NULL, NULL, NULL, NULL, NULL, 277.4, 0, 0, 0, 0, 0, 0, 0.963, 0.0),
(65, 13, 1, 3, 465713, 146553, 50670, 55385, 40498, NULL, NULL, NULL, NULL, NULL, NULL, NULL, NULL, 0.53, 1, 0, NULL, NULL, 298, 313, 1772741985, NULL, NULL, NULL, NULL, NULL, NULL, NULL, NULL, NULL, NULL, 273.3, 0, 0, 0, 0, 0, 0, 0.971, 0.0),
(66, 13, 1, 4, 611798, 146085, 50757, 56392, 38936, NULL, NULL, NULL, NULL, NULL, NULL, NULL, NULL, 0.71, 1, 0, NULL, NULL, 297, 312, 1772742131, NULL, NULL, NULL, NULL, NULL, NULL, NULL, NULL, NULL, NULL, 274.6, 0, 0, 0, 0, 0, 0, 0.973, 0.0),
(67, 13, 1, 5, 756337, 144539, 50218, 54834, 39487, NULL, NULL, NULL, NULL, NULL, NULL, NULL, NULL, 0.74, 1, 0, NULL, NULL, 295, 305, 1772742276, NULL, NULL, NULL, NULL, NULL, NULL, NULL, NULL, NULL, NULL, 277.8, 0, 0, 0, 0, 0, 0, 0.973, 0.0),
(68, 13, 1, 6, 904485, 148148, 52283, 56422, 39443, NULL, NULL, NULL, NULL, NULL, NULL, NULL, NULL, 0.87, 1, 0, NULL, NULL, 295, 305, 1772742424, NULL, NULL, NULL, NULL, NULL, NULL, NULL, NULL, NULL, NULL, 279.9, 0, 0, 0, 0, 0, 0, 0.968, 0.0),
(69, 13, 1, 7, 1054118, 149633, 51637, 56031, 41965, NULL, NULL, NULL, NULL, NULL, NULL, NULL, NULL, 0.77, 0, 0, NULL, NULL, 297, 306, 1772742574, NULL, NULL, NULL, NULL, NULL, NULL, NULL, NULL, NULL, NULL, 280.1, 0, 0, 0, 3, 0, 0, 0.982, 0.0),
(70, 13, 1, 8, 1203039, 148921, 53013, 56066, 39842, NULL, NULL, NULL, NULL, NULL, NULL, NULL, NULL, 0.68, 1, 0, NULL, NULL, 294, 310, 1772742723, NULL, NULL, NULL, NULL, NULL, NULL, NULL, NULL, NULL, NULL, 276.0, 0, 0, 0, 0, 0, 0, 0.964, 0.0),
(71, 14, 1, 1, 151275, 145928, 50542, 55022, 40364, NULL, NULL, NULL, NULL, NULL, NULL, NULL, NULL, 0.88, 1, 0, NULL, NULL, 298, 310, 1772741671, NULL, NULL, NULL, NULL, NULL, NULL, NULL, NULL, NULL, NULL, 282.4, 0, 0, 0, 0, 0, 0, 0.962, 0.0),
(72, 14, 1, 2, 293673, 142398, 48971, 54111, 39316, NULL, NULL, NULL, NULL, NULL, NULL, NULL, NULL, 0.52, 1, 0, NULL, NULL, 296, 310, 1772741813, NULL, NULL, NULL, NULL, NULL, NULL, NULL, NULL, NULL, NULL, 282.2, 0, 0, 0, 0, 1, 0, 0.995, 0.0),
(73, 14, 1, 3, 439485, 145812, 50677, 54722, 40413, NULL, NULL, NULL, NULL, NULL, NULL, NULL, NULL, 0.69, 1, 0, NULL, NULL, 297, 311, 1772741959, NULL, NULL, NULL, NULL, NULL, NULL, NULL, NULL, NULL, NULL, 278.7, 0, 0, 0, 0, 0, 0, 0.975, 0.0),
(74, 14, 1, 4, 584799, 145314, 51180, 54433, 39701, NULL, NULL, NULL, NULL, NULL, NULL, NULL, NULL, 0.8, 1, 0, NULL, NULL, 295, 308, 1772742104, NULL, NULL, NULL, NULL, NULL, NULL, NULL, NULL, NULL, NULL, 277.9, 0, 0, 0, 0, 0, 0, 0.979, 0.0),
(75, 14, 1, 5, 729410, 144611, 51407, 54422, 38782, NULL, NULL, NULL, NULL, NULL, NULL, NULL, NULL, 0.86, 1, 0, NULL, NULL, 294, 305, 1772742249, NULL, NULL, NULL, NULL, NULL, NULL, NULL, NULL, NULL, NULL, 274.9, 0, 0, 0, 0, 0, 0, 0.974, 0.0),
(76, 14, 1, 6, 870879, 141469, 49877, 53626, 37966, NULL, NULL, NULL, NULL, NULL, NULL, NULL, NULL, 0.71, 1, 0, NULL, NULL, 296, 306, 1772742390, NULL, NULL, NULL, NULL, NULL, NULL, NULL, NULL, NULL, NULL, 278.9, 0, 0, 0, 0, 0, 0, 0.986, 0.0),
(77, 14, 1, 7, 1013375, 142496, 48964, 53589, 39943, NULL, NULL, NULL, NULL, NULL, NULL, NULL, NULL, 0.59, 1, 0, NULL, NULL, 297, 305, 1772742533, NULL, NULL, NULL, NULL, NULL, NULL, NULL, NULL, NULL, NULL, 273.6, 0, 0, 0, 0, 0, 0, 0.97, 0.0),
(78, 14, 1, 8, 1161724, 148349, 52544, 55321, 40484, NULL, NULL, NULL, NULL, NULL, NULL, NULL, NULL, 0.74, 0, 0, NULL, NULL, 294, 310, 1772742681, NULL, NULL, NULL, NULL, NULL, NULL, NULL, NULL, NULL, NULL, 279.1, 0, 0, 0, 3, 0, 0, 0.979, 0.0),
(79, 15, 1, 1, 165490, 153302, 54264, 57673, 41365, NULL, NULL, NULL, NULL, NULL, NULL, NULL, NULL, 0.8, 1, 0, NULL, NULL, 294, 313, 1772741685, NULL, NULL, NULL, NULL, NULL, NULL, NULL, NULL, NULL, NULL, 269.4, 0, 0, 0, 0, 0, 0, 0.978, 0.0),
(80, 15, 1, 2, 313872, 148382, 52444, 56836, 39102, NULL, NULL, NULL, NULL, NULL, NULL, NULL, NULL, 0.94, 1, 0, NULL, NULL, 294, 310, 1772741833, NULL, NULL, NULL, NULL, NULL, NULL, NULL, NULL, NULL, NULL, 275.0, 0, 0, 0, 0, 2, 0, 0.984, 0.0),
(81, 15, 1, 3, 464725, 150853, 53804, 56659, 40390, NULL, NULL, NULL, NULL, NULL, NULL, NULL, NULL, 0.94, 1, 0, NULL, NULL, 298, 313, 1772741984, NULL, NULL, NULL, NULL, NULL, NULL, NULL, NULL, NULL, NULL, 270.3, 0, 0, 0, 0, 0, 0, 0.977, 0.0),
(82, 15, 1, 4, 616940, 152215, 53967, 57624, 40624, NULL, NULL, NULL, NULL, NULL, NULL, NULL, NULL, 0.96, 0, 0, NULL, NULL, 296, 305, 1772742136, NULL, NULL, NULL, NULL, NULL, NULL, NULL, NULL, NULL, NULL, 268.5, 0, 0, 0, 2, 0, 0, 0.991, 0.0),
(83, 15, 1, 5, 764126, 147186, 51645, 57039, 38502, NULL, NULL, NULL, NULL, NULL, NULL, NULL, NULL, 0.83, 1, 0, NULL, NULL, 297, 311, 1772742284, NULL, NULL, NULL, NULL, NULL, NULL, NULL, NULL, NULL, NULL, 267.2, 0, 0, 0, 0, 0, 0, 0.96, 0.0),
(84, 15, 1, 6, 916260, 152134, 53475, 58328, 40331, NULL, NULL, NULL, NULL, NULL, NULL, NULL, NULL, 0.64, 1, 0, NULL, NULL, 295, 311, 1772742436, NULL, NULL, NULL, NULL, NULL, NULL, NULL, NULL, NULL, NULL, 270.2, 0, 0, 0, 0, 0, 0, 0.975, 0.0),
(85, 15, 1, 7, 1068335, 152075, 53789, 57467, 40819, NULL, NULL, NULL, NULL, NULL, NULL, NULL, NULL, 0.79, 1, 0, NULL, NULL, 297, 311, 1772742588, NULL, NULL, NULL, NULL, NULL, NULL, NULL, NULL, NULL, NULL, 270.8, 0, 0, 0, 0, 0, 0, 1.0, 0.0),
(86, 15, 1, 8, 1221177, 152842, 54055, 57483, 41304, NULL, NULL, NULL, NULL, NULL, NULL, NULL, NULL, 0.9, 0, 0, NULL, NULL, 293, 306, 1772742741, NULL, NULL, NULL, NULL, NULL, NULL, NULL, NULL, NULL, NULL, 271.1, 0, 0, 0, 3, 0, 0, 0.991, 0.0),
(87, 16, 1, 1, 166330, 141210, 49836, 52799, 38575, NULL, NULL, NULL, NULL, NULL, NULL, NULL, NULL, 0.53, 1, 0, NULL, NULL, 294, 310, 1772741686, NULL, NULL, NULL, NULL, NULL, NULL, NULL, NULL, NULL, NULL, 286.3, 0, 0, 0, 0, 0, 1, 0.977, 0.0),
(88, 16, 1, 2, 303646, 137316, 47858, 51464, 37994, NULL, NULL, NULL, NULL, NULL, NULL, NULL, NULL, 0.8, 1, 0, NULL, NULL, 297, 313, 1772741823, NULL, NULL, NULL, NULL, NULL, NULL, NULL, NULL, NULL, NULL, 282.2, 0, 0, 0, 0, 0, 0, 0.988, 0.0),
(89, 16, 1, 3, 446893, 143247, 50718, 54062, 38467, NULL, NULL, NULL, NULL, NULL, NULL, NULL, NULL, 0.85, 1, 0, NULL, NULL, 294, 303, 1772741966, NULL, NULL, NULL, NULL, NULL, NULL, NULL, NULL, NULL, NULL, 284.8, 0, 0, 0, 0, 0, 0, 0.98, 0.0),
(90, 16, 1, 4, 587432, 140539, 48552, 52483, 39504, NULL, NULL, NULL, NULL, NULL, NULL, NULL, NULL, 0.79, 1, 0, NULL, NULL, 295, 309, 1772742107, NULL, NULL, NULL, NULL, NULL, NULL, NULL, NULL, NULL, NULL, 280.5, 0, 0, 0, 0, 0, 0, 0.976, 0.0),
(91, 16, 1, 5, 727173, 139741, 47962, 52320, 39459, NULL, NULL, NULL, NULL, NULL, NULL, NULL, NULL, 0.73, 0, 0, NULL, NULL, 295, 307, 1772742247, NULL, NULL, NULL, NULL, NULL, NULL, NULL, NULL, NULL, NULL, 279.3, 0, 0, 0, 3, 0, 0, 0.999, 0.0),
(92, 16, 1, 6, 865982, 138809, 48789, 51712, 38308, NULL, NULL, NULL, NULL, NULL, NULL, NULL, NULL, 0.76, 1, 0, NULL, NULL, 297, 307, 1772742385, NULL, NULL, NULL, NULL, NULL, NULL, NULL, NULL, NULL, NULL, 280.4, 0, 0, 0, 0, 0, 0, 0.965, 0.0),
(93, 16, 1, 7, 1003593, 137611, 48994, 52271, 36346, NULL, NULL, NULL, NULL, NULL, NULL, NULL, NULL, 0.93, 1, 0, NULL, NULL, 295, 310, 1772742523, NULL, NULL, NULL, NULL, NULL, NULL, NULL, NULL, NULL, NULL, 283.8, 0, 0, 0, 0, 0, 0, 0.996, 0.0),
(94, 16, 1, 8, 1143041, 139448, 48068, 52987, 38393, NULL, NULL, NULL, NULL, NULL, NULL, NULL, NULL, 0.5, 1, 0, NULL, NULL, 295, 309, 1772742663, NULL, NULL, NULL, NULL, NULL, NULL, NULL, NULL, NULL, NULL, 286.6, 0, 0, 0, 0, 0, 0, 0.981, 0.0),
(95, 17, 1, 1, 152987, 139853, 48160, 53716, 37977, NULL, NULL, NULL, NULL, NULL, NULL, NULL, NULL, 0.63, 1, 0, NULL, NULL, 296, 308, 1773000152, NULL, NULL, NULL, NULL, NULL, NULL, NULL, NULL, NULL, NULL, 278.5, 0, 0, 0, 0, 0, 0, 0.996, 0.0),
(96, 17, 1, 2, 298245, 145258, 51352, 54873, 39033, NULL, NULL, NULL, NULL, NULL, NULL, NULL, NULL, 0.81, 1, 0, NULL, NULL, 294, 306, 1773000298, NULL, NULL, NULL, NULL, NULL, NULL, NULL, NULL, NULL, NULL, 277.0, 0, 0, 0, 0, 0, 0, 0.97, 0.0),
(97, 17, 1, 3, 437022, 138777, 49195, 52117, 37465, NULL, NULL, NULL, NULL, NULL, NULL, NULL, NULL, 0.99, 1, 0, NULL, NULL, 296, 308, 1773000437, NULL, NULL, NULL, NULL, NULL, NULL, NULL, NULL, NULL, NULL, 281.2, 0, 0, 0, 0, 2, 0, 0.98, 0.0),
(98, 17, 1, 4, 581870, 144848, 50859, 55067, 38922, NULL, NULL, NULL, NULL, NULL, NULL, NULL, NULL, 0.76, 1, 0, NULL, NULL, 296, 306, 1773000581, NULL, NULL, NULL, NULL, NULL, NULL, NULL, NULL, NULL, NULL, 282.5, 0, 0, 0, 0, 0, 0, 0.965, 0.0),
(99, 18, 1, 1, 167870, 147197, 50621, 56874, 39702, NULL, NULL, NULL, NULL, NULL, NULL, NULL, NULL, 0.51, 1, 0, NULL, NULL, 293, 311, 1773000167, NULL, NULL, NULL, NULL, NULL, NULL, NULL, NULL, NULL, NULL, 273.6, 0, 0, 0, 0, 0, 0, 0.988, 0.0),
(100, 18, 1, 2, 309096, 141226, 49218, 53004, 39004, NULL, NULL, NULL, NULL, NULL, NULL, NULL, NULL, 0.68, 1, 0, NULL, NULL, 294, 307, 1773000309, NULL, NULL, NULL, NULL, NULL, NULL, NULL, NULL, NULL, NULL, 273.7, 0, 0, 0, 0, 0, 0, 0.985, 0.0),
(101, 18, 1, 3, 452681, 143585, 50117, 54333, 39135, NULL, NULL, NULL, NULL, NULL, NULL, NULL, NULL, 0.79, 1, 0, NULL, NULL, 295, 310, 1773000452, NULL, NULL, NULL, NULL, NULL, NULL, NULL, NULL, NULL, NULL, 270.8, 0, 0, 0, 0, 0, 0, 0.965, 0.0),
(102, 18, 1, 4, 594053, 141372, 50158, 53056, 38158, NULL, NULL, NULL, NULL, NULL, NULL, NULL, NULL, 0.74, 1, 0, NULL, NULL, 294, 305, 1773000594, NULL, NULL, NULL, NULL, NULL, NULL, NULL, NULL, NULL, NULL, 277.0, 0, 0, 0, 0, 0, 0, 0.99, 0.0),
(103, 19, 1, 1, 156740, 145953, 51085, 54903, 39965, NULL, NULL, NULL, NULL, NULL, NULL, NULL, NULL, 0.7, 0, 0, NULL, NULL, 295, 307, 1773000156, NULL, NULL, NULL, NULL, NULL, NULL, NULL, NULL, NULL, NULL, 268.6, 0, 0, 0, 3, 0, 0, 0.983, 0.0),
(104, 19, 1, 2, 304896, 148156, 51486, 55419, 41251, NULL, NULL, NULL, NULL, NULL, NULL, NULL, NULL, 0.78, 1, 0, NULL, NULL, 296, 308, 1773000304, NULL, NULL, NULL, NULL, NULL, NULL, NULL, NULL, NULL, NULL, 265.6, 0, 0, 0, 0, 0, 0, 0.974, 0.0),
(105, 19, 1, 3, 454031, 149135, 52209, 56947, 39979, NULL, NULL, NULL, NULL, NULL, NULL, NULL, NULL, 0.99, 1, 0, NULL, NULL, 297, 312, 1773000454, NULL, NULL, NULL, NULL, NULL, NULL, NULL, NULL, NULL, NULL, 269.5, 0, 0, 0, 0, 0, 0, 0.982, 0.0),
(106, 20, 1, 1, 155799, 139163, 49111, 53914, 36138, NULL, NULL, NULL, NULL, NULL, NULL, NULL, NULL, 0.93, 1, 0, NULL, NULL, 297, 307, 1773000155, NULL, NULL, NULL, NULL, NULL, NULL, NULL, NULL, NULL, NULL, 274.6, 0, 0, 0, 0, 0, 0, 0.998, 0.0),
(107, 20, 1, 2, 297546, 141747, 50273, 54167, 37307, NULL, NULL, NULL, NULL, NULL, NULL, NULL, NULL, 0.83, 1, 0, NULL, NULL, 293, 305, 1773000297, NULL, NULL, NULL, NULL, NULL, NULL, NULL, NULL, NULL, NULL, 273.4, 0, 0, 0, 0, 0, 0, 0.973, 0.0),
(108, 20, 1, 3, 439865, 142319, 49362, 54619, 38338, NULL, NULL, NULL, NULL, NULL, NULL, NULL, NULL, 0.58, 1, 0, NULL, NULL, 298, 312, 1773000439, NULL, NULL, NULL, NULL, NULL, NULL, NULL, NULL, NULL, NULL, 275.2, 0, 0, 0, 0, 0, 0, 0.978, 0.0),
(109, 20, 1, 4, 583362, 143497, 49266, 53950, 40281, NULL, NULL, NULL, NULL, NULL, NULL, NULL, NULL, 0.97, 1, 0, NULL, NULL, 294, 305, 1773000583, NULL, NULL, NULL, NULL, NULL, NULL, NULL, NULL, NULL, NULL, 274.0, 0, 0, 0, 0, 0, 0, 0.964, 0.0),
(110, 21, 1, 1, 167911, 144940, 49768, 55602, 39570, NULL, NULL, NULL, NULL, NULL, NULL, NULL, NULL, 0.61, 1, 0, NULL, NULL, 293, 313, 1773000167, NULL, NULL, NULL, NULL, NULL, NULL, NULL, NULL, NULL, NULL, 280.3, 0, 0, 0, 0, 0, 0, 0.976, 0.0),
(111, 21, 1, 2, 318453, 150542, 52799, 57876, 39867, NULL, NULL, NULL, NULL, NULL, NULL, NULL, NULL, 0.93, 1, 0, NULL, NULL, 293, 313, 1773000318, NULL, NULL, NULL, NULL, NULL, NULL, NULL, NULL, NULL, NULL, 274.6, 0, 0, 0, 0, 0, 0, 0.997, 0.0),
(112, 21, 1, 3, 466780, 148327, 51991, 57483, 38853, NULL, NULL, NULL, NULL, NULL, NULL, NULL, NULL, 0.94, 1, 0, NULL, NULL, 297, 312, 1773000466, NULL, NULL, NULL, NULL, NULL, NULL, NULL, NULL, NULL, NULL, 275.6, 0, 0, 0, 0, 0, 0, 0.99, 0.0),
(113, 21, 1, 4, 614843, 148063, 52054, 56560, 39449, NULL, NULL, NULL, NULL, NULL, NULL, NULL, NULL, 0.5, 1, 0, NULL, NULL, 295, 309, 1773000614, NULL, NULL, NULL, NULL, NULL, NULL, NULL, NULL, NULL, NULL, 273.6, 0, 0, 0, 0, 0, 0, 0.972, 0.0),
(114, 22, 1, 1, 159117, 142849, 49958, 53231, 39660, NULL, NULL, NULL, NULL, NULL, NULL, NULL, NULL, 0.9, 1, 0, NULL, NULL, 293, 309, 1773000159, NULL, NULL, NULL, NULL, NULL, NULL, NULL, NULL, NULL, NULL, 281.0, 0, 0, 0, 0, 0, 0, 0.984, 0.0),
(115, 22, 1, 2, 304107, 144990, 50497, 54767, 39726, NULL, NULL, NULL, NULL, NULL, NULL, NULL, NULL, 0.63, 1, 0, NULL, NULL, 298, 313, 1773000304, NULL, NULL, NULL, NULL, NULL, NULL, NULL, NULL, NULL, NULL, 276.9, 0, 0, 0, 0, 0, 0, 0.975, 0.0),
(116, 22, 1, 3, 448065, 143958, 50658, 54591, 38709, NULL, NULL, NULL, NULL, NULL, NULL, NULL, NULL, 0.71, 1, 0, NULL, NULL, 295, 313, 1773000448, NULL, NULL, NULL, NULL, NULL, NULL, NULL, NULL, NULL, NULL, 280.4, 0, 0, 0, 0, 0, 0, 0.992, 0.0),
(117, 23, 1, 1, 158596, 147619, 51819, 55426, 40374, NULL, NULL, NULL, NULL, NULL, NULL, NULL, NULL, 0.77, 1, 0, NULL, NULL, 294, 308, 1773000158, NULL, NULL, NULL, NULL, NULL, NULL, NULL, NULL, NULL, NULL, 266.2, 0, 0, 0, 0, 0, 0, 0.962, 0.0),
(118, 23, 1, 2, 306619, 148023, 51190, 56279, 40554, NULL, NULL, NULL, NULL, NULL, NULL, NULL, NULL, 0.71, 1, 0, NULL, NULL, 293, 305, 1773000306, NULL, NULL, NULL, NULL, NULL, NULL, NULL, NULL, NULL, NULL, 266.1, 0, 0, 0, 0, 0, 0, 0.969, 0.0),
(119, 23, 1, 3, 459555, 152936, 54498, 58474, 39964, NULL, NULL, NULL, NULL, NULL, NULL, NULL, NULL, 0.74, 1, 0, NULL, NULL, 293, 307, 1773000459, NULL, NULL, NULL, NULL, NULL, NULL, NULL, NULL, NULL, NULL, 273.8, 0, 0, 0, 0, 0, 0, 0.963, 0.0),
(120, 24, 1, 1, 155388, 142194, 49553, 53004, 39637, NULL, NULL, NULL, NULL, NULL, NULL, NULL, NULL, 0.55, 1, 0, NULL, NULL, 294, 303, 1773000155, NULL, NULL, NULL, NULL, NULL, NULL, NULL, NULL, NULL, NULL, 279.0, 0, 0, 0, 0, 0, 0, 0.989, 0.0),
(121, 24, 1, 2, 296343, 140955, 48774, 54427, 37754, NULL, NULL, NULL, NULL, NULL, NULL, NULL, NULL, 0.56, 1, 0, NULL, NULL, 298, 303, 1773000296, NULL, NULL, NULL, NULL, NULL, NULL, NULL, NULL, NULL, NULL, 284.4, 0, 0, 0, 0, 0, 0, 0.982, 0.0),
(122, 24, 1, 3, 435785, 139442, 49135, 53151, 37156, NULL, NULL, NULL, NULL, NULL, NULL, NULL, NULL, 0.58, 1, 0, NULL, NULL, 293, 306, 1773000435, NULL, NULL, NULL, NULL, NULL, NULL, NULL, NULL, NULL, NULL, 283.3, 0, 0, 0, 0, 0, 0, 0.973, 0.0),
(123, 25, 1, 1, 156336, 142289, 49050, 54609, 38630, NULL, NULL, NULL, NULL, NULL, NULL, NULL, NULL, 0.62, 1, 0, NULL, NULL, 298, 312, 1773000876, NULL, NULL, NULL, NULL, NULL, NULL, NULL, NULL, NULL, NULL, 276.5, 0, 0, 0, 0, 1, 0, 0.991, 0.0),
(124, 25, 1, 2, 297931, 141595, 48754, 54116, 38725, NULL, NULL, NULL, NULL, NULL, NULL, NULL, NULL, 0.89, 0, 0, NULL, NULL, 294, 310, 1773001017, NULL, NULL, NULL, NULL, NULL, NULL, NULL, NULL, NULL, NULL, 277.3, 0, 0, 0, 3, 2, 0, 0.999, 0.0),
(125, 25, 1, 3, 441629, 143698, 50000, 55309, 38389, NULL, NULL, NULL, NULL, NULL, NULL, NULL, NULL, 0.65, 1, 0, NULL, NULL, 295, 303, 1773001161, NULL, NULL, NULL, NULL, NULL, NULL, NULL, NULL, NULL, NULL, 279.9, 0, 0, 0, 0, 2, 0, 0.978, 0.0),
(126, 25, 1, 4, 584839, 143210, 50124, 54108, 38978, NULL, NULL, NULL, NULL, NULL, NULL, NULL, NULL, 0.53, 1, 0, NULL, NULL, 295, 312, 1773001304, NULL, NULL, NULL, NULL, NULL, NULL, NULL, NULL, NULL, NULL, 284.1, 0, 0, 0, 0, 0, 0, 0.982, 0.0),
(127, 25, 1, 5, 723608, 138769, 48518, 52889, 37362, NULL, NULL, NULL, NULL, NULL, NULL, NULL, NULL, 0.68, 1, 0, NULL, NULL, 298, 305, 1773001443, NULL, NULL, NULL, NULL, NULL, NULL, NULL, NULL, NULL, NULL, 283.8, 0, 0, 0, 0, 0, 0, 0.985, 0.0),
(128, 25, 1, 6, 866188, 142580, 49394, 54410, 38776, NULL, NULL, NULL, NULL, NULL, NULL, NULL, NULL, 0.58, 1, 0, NULL, NULL, 294, 311, 1773001586, NULL, NULL, NULL, NULL, NULL, NULL, NULL, NULL, NULL, NULL, 281.8, 0, 0, 0, 0, 0, 0, 0.991, 0.0),
(129, 25, 1, 7, 1006007, 139819, 48618, 53747, 37454, NULL, NULL, NULL, NULL, NULL, NULL, NULL, NULL, 0.55, 1, 0, NULL, NULL, 293, 305, 1773001726, NULL, NULL, NULL, NULL, NULL, NULL, NULL, NULL, NULL, NULL, 276.8, 0, 0, 0, 0, 0, 0, 0.961, 0.0),
(130, 25, 1, 8, 1145076, 139069, 47903, 51920, 39246, NULL, NULL, NULL, NULL, NULL, NULL, NULL, NULL, 0.51, 1, 0, NULL, NULL, 293, 308, 1773001865, NULL, NULL, NULL, NULL, NULL, NULL, NULL, NULL, NULL, NULL, 277.2, 0, 0, 0, 0, 0, 0, 0.989, 0.0),
(131, 26, 1, 1, 156710, 144871, 50696, 54276, 39899, NULL, NULL, NULL, NULL, NULL, NULL, NULL, NULL, 0.52, 1, 0, NULL, NULL, 295, 303, 1773000876, NULL, NULL, NULL, NULL, NULL, NULL, NULL, NULL, NULL, NULL, 277.2, 0, 0, 0, 0, 0, 0, 0.971, 0.0),
(132, 26, 1, 2, 296786, 140076, 49754, 53408, 36914, NULL, NULL, NULL, NULL, NULL, NULL, NULL, NULL, 0.76, 1, 0, NULL, NULL, 298, 306, 1773001016, NULL, NULL, NULL, NULL, NULL, NULL, NULL, NULL, NULL, NULL, 274.3, 0, 0, 0, 0, 0, 0, 0.968, 0.0),
(133, 26, 1, 3, 438323, 141537, 49714, 53441, 38382, NULL, NULL, NULL, NULL, NULL, NULL, NULL, NULL, 0.55, 1, 0, NULL, NULL, 298, 310, 1773001158, NULL, NULL, NULL, NULL, NULL, NULL, NULL, NULL, NULL, NULL, 276.0, 0, 0, 0, 0, 0, 0, 0.977, 0.0),
(134, 26, 1, 4, 584314, 145991, 50444, 56011, 39536, NULL, NULL, NULL, NULL, NULL, NULL, NULL, NULL, 0.92, 1, 0, NULL, NULL, 295, 308, 1773001304, NULL, NULL, NULL, NULL, NULL, NULL, NULL, NULL, NULL, NULL, 274.5, 0, 0, 0, 0, 0, 0, 1.0, 0.0),
(135, 26, 1, 5, 727191, 142877, 50571, 54971, 37335, NULL, NULL, NULL, NULL, NULL, NULL, NULL, NULL, 0.98, 1, 0, NULL, NULL, 296, 311, 1773001447, NULL, NULL, NULL, NULL, NULL, NULL, NULL, NULL, NULL, NULL, 278.3, 0, 0, 0, 0, 0, 0, 0.97, 0.0),
(136, 26, 1, 6, 870356, 143165, 51070, 54940, 37155, NULL, NULL, NULL, NULL, NULL, NULL, NULL, NULL, 0.93, 1, 0, NULL, NULL, 295, 303, 1773001590, NULL, NULL, NULL, NULL, NULL, NULL, NULL, NULL, NULL, NULL, 272.0, 0, 0, 0, 0, 2, 0, 0.969, 0.0),
(137, 26, 1, 7, 1010033, 139677, 49489, 53146, 37042, NULL, NULL, NULL, NULL, NULL, NULL, NULL, NULL, 0.63, 0, 0, NULL, NULL, 293, 303, 1773001730, NULL, NULL, NULL, NULL, NULL, NULL, NULL, NULL, NULL, NULL, 273.6, 0, 0, 0, 3, 0, 0, 0.966, 0.0),
(138, 26, 1, 8, 1156820, 146787, 51371, 55618, 39798, NULL, NULL, NULL, NULL, NULL, NULL, NULL, NULL, 0.59, 1, 0, NULL, NULL, 298, 304, 1773001876, NULL, NULL, NULL, NULL, NULL, NULL, NULL, NULL, NULL, NULL, 276.2, 0, 0, 0, 0, 0, 0, 0.992, 0.0),
(139, 27, 1, 1, 175853, 148257, 51242, 56441, 40574, NULL, NULL, NULL, NULL, NULL, NULL, NULL, NULL, 0.97, 1, 0, NULL, NULL, 295, 308, 1773000895, NULL, NULL, NULL, NULL, NULL, NULL, NULL, NULL, NULL, NULL, 271.8, 0, 0, 0, 0, 0, 0, 0.977, 0.0),
(140, 27, 1, 2, 319340, 143487, 50997, 54363, 38127, NULL, NULL, NULL, NULL, NULL, NULL, NULL, NULL, 0.78, 1, 0, NULL, NULL, 293, 307, 1773001039, NULL, NULL, NULL, NULL, NULL, NULL, NULL, NULL, NULL, NULL, 268.2, 0, 0, 0, 0, 0, 0, 0.973, 0.0),
(141, 27, 1, 3, 464517, 145177, 50823, 54968, 39386, NULL, NULL, NULL, NULL, NULL, NULL, NULL, NULL, 0.64, 1, 0, NULL, NULL, 297, 312, 1773001184, NULL, NULL, NULL, NULL, NULL, NULL, NULL, NULL, NULL, NULL, 268.0, 0, 0, 0, 0, 0, 0, 0.969, 0.0),
(142, 27, 1, 4, 610247, 145730, 50288, 54811, 40631, NULL, NULL, NULL, NULL, NULL, NULL, NULL, NULL, 0.85, 1, 0, NULL, NULL, 295, 304, 1773001330, NULL, NULL, NULL, NULL, NULL, NULL, NULL, NULL, NULL, NULL, 267.0, 0, 0, 0, 0, 0, 0, 0.977, 0.0),
(143, 27, 1, 5, 758989, 148742, 51570, 57360, 39812, NULL, NULL, NULL, NULL, NULL, NULL, NULL, NULL, 0.62, 1, 0, NULL, NULL, 297, 312, 1773001478, NULL, NULL, NULL, NULL, NULL, NULL, NULL, NULL, NULL, NULL, 273.0, 0, 0, 0, 0, 0, 0, 0.981, 0.0),
(144, 27, 1, 6, 903670, 144681, 51216, 55640, 37825, NULL, NULL, NULL, NULL, NULL, NULL, NULL, NULL, 0.8, 1, 0, NULL, NULL, 296, 308, 1773001623, NULL, NULL, NULL, NULL, NULL, NULL, NULL, NULL, NULL, NULL, 266.5, 0, 0, 0, 0, 0, 0, 0.973, 0.0),
(145, 27, 1, 7, 1046368, 142698, 50522, 54389, 37787, NULL, NULL, NULL, NULL, NULL, NULL, NULL, NULL, 0.62, 1, 0, NULL, NULL, 297, 305, 1773001766, NULL, NULL, NULL, NULL, NULL, NULL, NULL, NULL, NULL, NULL, 267.4, 0, 0, 0, 0, 0, 0, 0.997, 0.0),
(146, 27, 1, 8, 1194482, 148114, 52334, 55796, 39984, NULL, NULL, NULL, NULL, NULL, NULL, NULL, NULL, 0.91, 1, 0, NULL, NULL, 294, 312, 1773001914, NULL, NULL, NULL, NULL, NULL, NULL, NULL, NULL, NULL, NULL, 272.3, 0, 0, 0, 0, 0, 0, 0.995, 0.0),
(147, 28, 1, 1, 144762, 139312, 49204, 52335, 37773, NULL, NULL, NULL, NULL, NULL, NULL, NULL, NULL, 0.74, 1, 0, NULL, NULL, 294, 311, 1773000864, NULL, NULL, NULL, NULL, NULL, NULL, NULL, NULL, NULL, NULL, 275.2, 0, 0, 0, 0, 0, 0, 0.97, 0.0),
(148, 28, 1, 2, 287241, 142479, 49159, 53135, 40185, NULL, NULL, NULL, NULL, NULL, NULL, NULL, NULL, 0.81, 1, 0, NULL, NULL, 294, 303, 1773001007, NULL, NULL, NULL, NULL, NULL, NULL, NULL, NULL, NULL, NULL, 272.8, 0, 0, 0, 0, 0, 0, 0.992, 0.0),
(149, 28, 1, 3, 424175, 136934, 47920, 51028, 37986, NULL, NULL, NULL, NULL, NULL, NULL, NULL, NULL, 0.69, 1, 0, NULL, NULL, 293, 303, 1773001144, NULL, NULL, NULL, NULL, NULL, NULL, NULL, NULL, NULL, NULL, 272.9, 0, 0, 0, 0, 0, 0, 0.995, 0.0),
(150, 28, 1, 4, 568701, 144526, 50352, 55903, 38271, NULL, NULL, NULL, NULL, NULL, NULL, NULL, NULL, 0.96, 0, 0, NULL, NULL, 294, 306, 1773001288, NULL, NULL, NULL, NULL, NULL, NULL, NULL, NULL, NULL, NULL, 275.0, 0, 0, 0, 1, 0, 0, 0.978, 0.0),
(151, 28, 1, 5, 705377, 136676, 46961, 51911, 37804, NULL, NULL, NULL, NULL, NULL, NULL, NULL, NULL, 0.65, 0, 0, NULL, NULL, 293, 308, 1773001425, NULL, NULL, NULL, NULL, NULL, NULL, NULL, NULL, NULL, NULL, 276.8, 0, 0, 0, 2, 0, 0, 0.974, 0.0),
(152, 28, 1, 6, 849890, 144513, 51572, 55869, 37072, NULL, NULL, NULL, NULL, NULL, NULL, NULL, NULL, 0.7, 1, 0, NULL, NULL, 297, 307, 1773001569, NULL, NULL, NULL, NULL, NULL, NULL, NULL, NULL, NULL, NULL, 272.3, 0, 0, 0, 0, 2, 0, 0.974, 0.0),
(153, 28, 1, 7, 987514, 137624, 47384, 52817, 37423, NULL, NULL, NULL, NULL, NULL, NULL, NULL, NULL, 0.66, 1, 0, NULL, NULL, 296, 306, 1773001707, NULL, NULL, NULL, NULL, NULL, NULL, NULL, NULL, NULL, NULL, 275.7, 0, 0, 0, 0, 0, 0, 0.977, 0.0),
(154, 28, 1, 8, 1128973, 141459, 49194, 54518, 37747, NULL, NULL, NULL, NULL, NULL, NULL, NULL, NULL, 0.95, 1, 0, NULL, NULL, 294, 307, 1773001848, NULL, NULL, NULL, NULL, NULL, NULL, NULL, NULL, NULL, NULL, 276.9, 0, 0, 0, 0, 0, 0, 0.996, 0.0),
(155, 29, 1, 1, 171038, 151946, 52712, 57232, 42002, NULL, NULL, NULL, NULL, NULL, NULL, NULL, NULL, 0.51, 1, 0, NULL, NULL, 294, 308, 1773000891, NULL, NULL, NULL, NULL, NULL, NULL, NULL, NULL, NULL, NULL, 279.4, 0, 0, 0, 0, 0, 0, 0.966, 0.0),
(156, 29, 1, 2, 318148, 147110, 52154, 56467, 38489, NULL, NULL, NULL, NULL, NULL, NULL, NULL, NULL, 0.88, 1, 0, NULL, NULL, 294, 306, 1773001038, NULL, NULL, NULL, NULL, NULL, NULL, NULL, NULL, NULL, NULL, 272.1, 0, 0, 0, 0, 0, 0, 0.967, 0.0),
(157, 29, 1, 3, 467661, 149513, 52376, 56623, 40514, NULL, NULL, NULL, NULL, NULL, NULL, NULL, NULL, 0.73, 1, 0, NULL, NULL, 298, 310, 1773001187, NULL, NULL, NULL, NULL, NULL, NULL, NULL, NULL, NULL, NULL, 272.3, 0, 0, 0, 0, 0, 1, 0.994, 0.0),
(158, 29, 1, 4, 617482, 149821, 52920, 56546, 40355, NULL, NULL, NULL, NULL, NULL, NULL, NULL, NULL, 0.63, 0, 0, NULL, NULL, 293, 309, 1773001337, NULL, NULL, NULL, NULL, NULL, NULL, NULL, NULL, NULL, NULL, 278.6, 0, 0, 0, 2, 0, 0, 0.961, 0.0),
(159, 29, 1, 5, 765365, 147883, 51635, 55902, 40346, NULL, NULL, NULL, NULL, NULL, NULL, NULL, NULL, 0.71, 1, 0, NULL, NULL, 298, 308, 1773001485, NULL, NULL, NULL, NULL, NULL, NULL, NULL, NULL, NULL, NULL, 279.7, 0, 0, 0, 0, 2, 0, 0.996, 0.0),
(160, 29, 1, 6, 916223, 150858, 51915, 57738, 41205, NULL, NULL, NULL, NULL, NULL, NULL, NULL, NULL, 0.52, 1, 0, NULL, NULL, 297, 304, 1773001636, NULL, NULL, NULL, NULL, NULL, NULL, NULL, NULL, NULL, NULL, 275.5, 0, 0, 0, 0, 0, 0, 0.993, 0.0),
(161, 29, 1, 7, 1062735, 146512, 51874, 54721, 39917, NULL, NULL, NULL, NULL, NULL, NULL, NULL, NULL, 0.89, 1, 0, NULL, NULL, 294, 307, 1773001782, NULL, NULL, NULL, NULL, NULL, NULL, NULL, NULL, NULL, NULL, 275.4, 0, 0, 0, 0, 0, 0, 0.995, 0.0),
(162, 29, 1, 8, 1209577, 146842, 52256, 55365, 39221, NULL, NULL, NULL, NULL, NULL, NULL, NULL, NULL, 0.56, 1, 0, NULL, NULL, 296, 313, 1773001929, NULL, NULL, NULL, NULL, NULL, NULL, NULL, NULL, NULL, NULL, 275.5, 0, 0, 0, 0, 0, 0, 0.989, 0.0),
(163, 30, 1, 1, 172365, 148182, 51380, 56793, 40009, NULL, NULL, NULL, NULL, NULL, NULL, NULL, NULL, 0.95, 1, 0, NULL, NULL, 296, 304, 1773000892, NULL, NULL, NULL, NULL, NULL, NULL, NULL, NULL, NULL, NULL, 275.5, 0, 0, 0, 0, 0, 0, 0.988, 0.0),
(164, 30, 1, 2, 319389, 147024, 51100, 55258, 40666, NULL, NULL, NULL, NULL, NULL, NULL, NULL, NULL, 0.81, 1, 0, NULL, NULL, 297, 309, 1773001039, NULL, NULL, NULL, NULL, NULL, NULL, NULL, NULL, NULL, NULL, 280.3, 0, 0, 0, 0, 0, 0, 0.999, 0.0),
(165, 30, 1, 3, 461198, 141809, 49416, 54368, 38025, NULL, NULL, NULL, NULL, NULL, NULL, NULL, NULL, 0.71, 1, 0, NULL, NULL, 294, 305, 1773001181, NULL, NULL, NULL, NULL, NULL, NULL, NULL, NULL, NULL, NULL, 274.8, 0, 0, 0, 0, 0, 0, 0.988, 0.0),
(166, 30, 1, 4, 604233, 143035, 50556, 55093, 37386, NULL, NULL, NULL, NULL, NULL, NULL, NULL, NULL, 0.75, 1, 0, NULL, NULL, 293, 312, 1773001324, NULL, NULL, NULL, NULL, NULL, NULL, NULL, NULL, NULL, NULL, 280.7, 0, 0, 0, 0, 0, 0, 0.96, 0.0),
(167, 30, 1, 5, 748817, 144584, 50705, 53866, 40013, NULL, NULL, NULL, NULL, NULL, NULL, NULL, NULL, 0.5, 1, 0, NULL, NULL, 296, 309, 1773001468, NULL, NULL, NULL, NULL, NULL, NULL, NULL, NULL, NULL, NULL, 277.4, 0, 0, 0, 0, 0, 0, 0.984, 0.0),
(168, 30, 1, 6, 896543, 147726, 51809, 55863, 40054, NULL, NULL, NULL, NULL, NULL, NULL, NULL, NULL, 0.65, 1, 0, NULL, NULL, 294, 303, 1773001616, NULL, NULL, NULL, NULL, NULL, NULL, NULL, NULL, NULL, NULL, 279.7, 0, 0, 0, 0, 0, 0, 0.994, 0.0),
(169, 30, 1, 7, 1044582, 148039, 51136, 55329, 41574, NULL, NULL, NULL, NULL, NULL, NULL, NULL, NULL, 0.89, 1, 0, NULL, NULL, 297, 313, 1773001764, NULL, NULL, NULL, NULL, NULL, NULL, NULL, NULL, NULL, NULL, 279.9, 0, 0, 0, 0, 0, 0, 0.984, 0.0),
(170, 30, 1, 8, 1186535, 141953, 50668, 54729, 36556, NULL, NULL, NULL, NULL, NULL, NULL, NULL, NULL, 0.88, 1, 0, NULL, NULL, 295, 308, 1773001906, NULL, NULL, NULL, NULL, NULL, NULL, NULL, NULL, NULL, NULL, 282.0, 0, 0, 0, 0, 0, 1, 0.993, 0.0),
(171, 31, 1, 1, 170068, 147031, 51630, 56682, 38719, NULL, NULL, NULL, NULL, NULL, NULL, NULL, NULL, 0.55, 1, 0, NULL, NULL, 297, 306, 1773000890, NULL, NULL, NULL, NULL, NULL, NULL, NULL, NULL, NULL, NULL, 273.0, 0, 0, 0, 0, 0, 0, 0.984, 0.0),
(172, 31, 1, 2, 322545, 152477, 52658, 58764, 41055, NULL, NULL, NULL, NULL, NULL, NULL, NULL, NULL, 0.79, 1, 0, NULL, NULL, 296, 312, 1773001042, NULL, NULL, NULL, NULL, NULL, NULL, NULL, NULL, NULL, NULL, 274.5, 0, 0, 0, 0, 0, 0, 0.97, 0.0),
(173, 31, 1, 3, 474150, 151605, 53449, 56988, 41168, NULL, NULL, NULL, NULL, NULL, NULL, NULL, NULL, 0.65, 1, 0, NULL, NULL, 296, 305, 1773001194, NULL, NULL, NULL, NULL, NULL, NULL, NULL, NULL, NULL, NULL, 274.8, 0, 0, 0, 0, 0, 0, 0.969, 0.0),
(174, 31, 1, 4, 622235, 148085, 50799, 55631, 41655, NULL, NULL, NULL, NULL, NULL, NULL, NULL, NULL, 0.78, 1, 0, NULL, NULL, 297, 309, 1773001342, NULL, NULL, NULL, NULL, NULL, NULL, NULL, NULL, NULL, NULL, 270.1, 0, 0, 0, 0, 0, 0, 0.973, 0.0),
(175, 31, 1, 5, 773957, 151722, 52909, 56547, 42266, NULL, NULL, NULL, NULL, NULL, NULL, NULL, NULL, 0.5, 1, 0, NULL, NULL, 295, 307, 1773001493, NULL, NULL, NULL, NULL, NULL, NULL, NULL, NULL, NULL, NULL, 271.1, 0, 0, 0, 0, 0, 0, 0.973, 0.0),
(176, 31, 1, 6, 926075, 152118, 53542, 58046, 40530, NULL, NULL, NULL, NULL, NULL, NULL, NULL, NULL, 0.74, 1, 0, NULL, NULL, 294, 308, 1773001646, NULL, NULL, NULL, NULL, NULL, NULL, NULL, NULL, NULL, NULL, 274.3, 0, 0, 0, 0, 0, 0, 0.997, 0.0),
(177, 31, 1, 7, 1076462, 150387, 51728, 56561, 42098, NULL, NULL, NULL, NULL, NULL, NULL, NULL, NULL, 0.76, 1, 0, NULL, NULL, 296, 309, 1773001796, NULL, NULL, NULL, NULL, NULL, NULL, NULL, NULL, NULL, NULL, 275.3, 0, 0, 0, 0, 0, 0, 0.962, 0.0),
(178, 31, 1, 8, 1227590, 151128, 53129, 58554, 39445, NULL, NULL, NULL, NULL, NULL, NULL, NULL, NULL, 0.99, 1, 0, NULL, NULL, 293, 305, 1773001947, NULL, NULL, NULL, NULL, NULL, NULL, NULL, NULL, NULL, NULL, 268.8, 0, 0, 0, 0, 0, 0, 0.961, 0.0),
(179, 32, 1, 1, 165405, 139876, 49702, 52768, 37406, NULL, NULL, NULL, NULL, NULL, NULL, NULL, NULL, 0.54, 1, 0, NULL, NULL, 298, 308, 1773000885, NULL, NULL, NULL, NULL, NULL, NULL, NULL, NULL, NULL, NULL, 284.1, 0, 0, 0, 0, 0, 0, 0.971, 0.0),
(180, 32, 1, 2, 308089, 142684, 49427, 54657, 38600, NULL, NULL, NULL, NULL, NULL, NULL, NULL, NULL, 0.6, 1, 0, NULL, NULL, 294, 304, 1773001028, NULL, NULL, NULL, NULL, NULL, NULL, NULL, NULL, NULL, NULL, 280.7, 0, 0, 0, 0, 0, 0, 0.961, 0.0),
(181, 32, 1, 3, 444347, 136258, 47645, 50845, 37768, NULL, NULL, NULL, NULL, NULL, NULL, NULL, NULL, 0.88, 1, 0, NULL, NULL, 296, 311, 1773001164, NULL, NULL, NULL, NULL, NULL, NULL, NULL, NULL, NULL, NULL, 280.1, 0, 0, 0, 0, 0, 0, 0.973, 0.0),
(182, 32, 1, 4, 580651, 136304, 48435, 51303, 36566, NULL, NULL, NULL, NULL, NULL, NULL, NULL, NULL, 0.8, 1, 0, NULL, NULL, 293, 307, 1773001300, NULL, NULL, NULL, NULL, NULL, NULL, NULL, NULL, NULL, NULL, 286.3, 0, 0, 0, 0, 2, 0, 0.987, 0.0),
(183, 32, 1, 5, 716864, 136213, 47403, 52637, 36173, NULL, NULL, NULL, NULL, NULL, NULL, NULL, NULL, 0.6, 0, 0, NULL, NULL, 293, 312, 1773001436, NULL, NULL, NULL, NULL, NULL, NULL, NULL, NULL, NULL, NULL, 284.6, 0, 0, 0, 1, 0, 0, 0.986, 0.0),
(184, 32, 1, 6, 854006, 137142, 47434, 52244, 37464, NULL, NULL, NULL, NULL, NULL, NULL, NULL, NULL, 0.98, 1, 0, NULL, NULL, 295, 305, 1773001574, NULL, NULL, NULL, NULL, NULL, NULL, NULL, NULL, NULL, NULL, 278.6, 0, 0, 0, 0, 0, 0, 0.965, 0.0),
(185, 32, 1, 7, 994090, 140084, 49101, 52586, 38397, NULL, NULL, NULL, NULL, NULL, NULL, NULL, NULL, 0.66, 1, 0, NULL, NULL, 298, 307, 1773001714, NULL, NULL, NULL, NULL, NULL, NULL, NULL, NULL, NULL, NULL, 282.7, 0, 0, 0, 0, 0, 0, 0.967, 0.0),
(186, 32, 1, 8, 1136899, 142809, 49677, 54999, 38133, NULL, NULL, NULL, NULL, NULL, NULL, NULL, NULL, 0.95, 1, 0, NULL, NULL, 293, 309, 1773001856, NULL, NULL, NULL, NULL, NULL, NULL, NULL, NULL, NULL, NULL, 280.9, 0, 0, 0, 0, 1, 0, 0.988, 0.0);

COMMIT;
